RunNumber, RunDir, input.ChoiceFile, Recovered-results , HDDs              , Energy-Total-GJ   , Ref-En-Total-GJ   , Util-Bill-gross   , Util-PV-revenue   , Util-Bill-Net     , Util-Bill-Elec    , Util-Bill-Gas     , Util-Bill-Prop    , Util-Bill-Oil     , Util-Bill-Wood    , Energy-PV-kWh     , Gross-HeatLoss-GJ , Energy-HeatingGJ  , AuxEnergyReq-HeatingGJ , TotalAirConditioning-LoadGJ , AvgAirConditioning-COP , Energy-CoolingGJ  , Energy-VentGJ     , Energy-DHWGJ      , Energy-PlugGJ     , EnergyEleckWh     , EnergyGasM3       , EnergyOil_l       , EnergyProp_L      , EnergyWood_cord   , Upgrade-cost      , SimplePaybackYrs  , PEAK-Heating-W    , PEAK-Cooling-W    , PV-size-kW        , Floor-Area-m2     , House-Volume-m3   , TEDI_kWh_m2       , MEUI_kWh_m2       , ERS-Value         , NumTries          , LapsedTime        , Win-SHGC-S        , Win-R-value-S     , Win-Area-m2-S     , Win-SHGC-SE       , Win-R-value-SE    , Win-Area-m2-SE    , Win-SHGC-E        , Win-R-value-E     , Win-Area-m2-E     , Win-SHGC-NE       , Win-R-value-NE    , Win-Area-m2-NE    , Win-SHGC-N        , Win-R-value-N     , Win-Area-m2-N     , Win-SHGC-NW       , Win-R-value-NW    , Win-Area-m2-NW    , Win-SHGC-W        , Win-R-value-W     , Win-Area-m2-W     , Win-SHGC-SW       , Win-R-value-SW    , Win-Area-m2-SW    , input.Opt-Location , input.Opt-Archetype , input.Opt-Ruleset , input.Opt-FuelCost , input.Opt-ACH , input.Opt-MainWall , input.Opt-GenericWall_1Layer_definitions , input.Opt-Ceilings , input.Opt-AtticCeilings , input.Opt-CathCeilings , input.Opt-FlatCeilings , input.Opt-H2KFoundation , input.Opt-ExposedFloor , input.Opt-CasementWindows , input.Opt-H2K-PV , input.Opt-Skylights , input.Opt-Doors , input.Opt-DoorWindows , input.Opt-RoofPitch , input.Opt-DHWSystem , input.Opt-DWHRSystem , input.Opt-HVACSystem , input.Opt-HRVspec , input.Opt-StandoffPV , input.GOconfig_rotate , input.Opt-DBFiles , input.Opt-ResultHouseCode , input.Opt-H2KFoundationSlabCrawl , input.Opt-HRVduct , input.Opt-DHWLoadScale , 
 1, HTAP-work-0, ./gen-choice-files/sim-1.choices,   General,   3890,   70.6 ,   0.0 ,   0.0   ,   0.0    ,   0.0 ,   0.0  ,   0.0  ,   0.0 ,   0.0 ,   0.0 ,   0 ,   71 ,   40.5 ,  40.7 ,  0.0 ,  0.0 ,   0.0 ,   0.3 ,   6.7 ,   23.0 ,   19607.3 ,   0.0  ,   0.0    ,   0.0    ,   0.0    ,   0.0,   0.0 ,   8328.9,   7077.8,   0.0,   202.5 ,   545.6 ,   55.8 ,   65.3 ,   0.0,   1.0,   4.01,   0.0,   0.0,   0.0,   0.264,   0.57,   8.4,   0.0,   0.0,   0.0,   0.259,   0.555,   2.8,   0.0,   0.0,   0.0,   0.255,   0.541,   6.6,   0.0,   0.0,   0.0,   0.256,   0.544,   6.2,  NA,  R2000-NZE-Pilot-REIDS_Bloomfield_Lot-4.h2k,  R2000_NZE_Pilot_Base,  rates2016,  ACH_2_5,  NA,  NBC_Wall_zone5_HRV,  NA,  NBC_Ceiling_zone5_HRV,  NBC_FlatCeiling_zone5,  NBC_FlatCeiling_zone5,  NBC_BCIN_zone5_HRV,  NBC_exposed_zone5,  NBC-zone5-window,  R2000_test,  NA,  NBC-zone5-door,  NBC-zone5-window,  NA,  R2000-HotWater-elec,  NA,  R2000-elec-baseboard,  R2000_HRV,  NoPV,  S,  H2KCodeLibFile,  General,  NA,  interlock,  No-Reduction, 
 2, HTAP-work-1, ./gen-choice-files/sim-2.choices,   General,   3890,   45.2 ,   0.0 ,   0.0   ,   0.0    ,   0.0 ,   0.0  ,   0.0  ,   0.0 ,   0.0 ,   0.0 ,   0 ,   38 ,   15.1 ,  15.2 ,  0.0 ,  0.0 ,   0.0 ,   0.3 ,   6.7 ,   23.0 ,   12550.8 ,   0.0  ,   0.0    ,   0.0    ,   0.0    ,   0.0,   0.0 ,   4317.7,   6889.3,   0.0,   202.5 ,   545.6 ,   20.8 ,   30.4 ,   0.0,   1.0,   4.56,   0.0,   0.0,   0.0,   0.152,   1.0,   8.4,   0.0,   0.0,   0.0,   0.158,   1.097,   2.8,   0.0,   0.0,   0.0,   0.146,   1.05,   6.6,   0.0,   0.0,   0.0,   0.149,   1.06,   6.2,  NA,  R2000-NZE-Pilot-REIDS_Bloomfield_Lot-4.h2k,  R2000_NZE_Pilot_Env,  rates2016,  NA,  NA,  NA,  NA,  NA,  NA,  NA,  NA,  NA,  NA,  R2000_test,  NA,  NA,  NA,  NA,  R2000-HotWater-elec,  NA,  R2000-elec-baseboard,  R2000_HRV,  NoPV,  S,  H2KCodeLibFile,  General,  NA,  interlock,  No-Reduction, 
 3, HTAP-work-2, ./gen-choice-files/sim-3.choices,   General,   3890,   30.9 ,   0.0 ,   0.0   ,   0.0    ,   0.0 ,   0.0  ,   0.0  ,   0.0 ,   0.0 ,   0.0 ,   0 ,   35 ,   4.8 ,  14.2 ,  2.2 ,  2.7 ,   0.7 ,   0.3 ,   1.9 ,   23.0 ,   8560.7 ,   2.4  ,   0.0    ,   0.0    ,   0.0    ,   0.0,   0.0 ,   4268.7,   6889.3,   0.0,   202.5 ,   545.6 ,   19.4 ,   10.6 ,   0.0,   1.0,   4.63,   0.0,   0.0,   0.0,   0.152,   1.0,   8.4,   0.0,   0.0,   0.0,   0.158,   1.097,   2.8,   0.0,   0.0,   0.0,   0.146,   1.05,   6.6,   0.0,   0.0,   0.0,   0.149,   1.06,   6.2,  NA,  R2000-NZE-Pilot-REIDS_Bloomfield_Lot-4.h2k,  R2000_NZE_Pilot_Mech,  rates2016,  NA,  NA,  NA,  NA,  NA,  NA,  NA,  NA,  NA,  NA,  R2000_test,  NA,  NA,  NA,  NA,  NA,  NA,  NA,  NA,  NoPV,  S,  H2KCodeLibFile,  General,  NA,  interlock,  No-Reduction, 
 4, HTAP-work-0, ./gen-choice-files/sim-4.choices,   General,   3890,   0.1 ,   0.0 ,   0.0   ,   168.77    ,   -168.77 ,   0.0  ,   0.0  ,   0.0 ,   0.0 ,   0.0 ,   10212 ,   36 ,   4.7 ,  13.7 ,  2.2 ,  2.7 ,   0.7 ,   0.3 ,   1.9 ,   23.0 ,   0.2 ,   2.3  ,   0.0    ,   0.0    ,   0.0    ,   0.0,   -168.8 ,   4268.7,   6889.3,   14.7,   202.5 ,   545.6 ,   18.8 ,   10.5 ,   0.0,   1.0,   2.25,   0.0,   0.0,   0.0,   0.152,   1.0,   8.4,   0.0,   0.0,   0.0,   0.158,   1.097,   2.8,   0.0,   0.0,   0.0,   0.146,   1.05,   6.6,   0.0,   0.0,   0.0,   0.149,   1.06,   6.2,  NA,  R2000-NZE-Pilot-REIDS_Bloomfield_Lot-4.h2k,  as-found,  rates2016,  NA,  NA,  NA,  NA,  NA,  NA,  NA,  NA,  NA,  NA,  NA,  NA,  NA,  NA,  NA,  NA,  NA,  NA,  NA,  NoPV,  S,  H2KCodeLibFile,  General,  NA,  interlock,  No-Reduction, 
 5, HTAP-work-1, ./gen-choice-files/sim-5.choices,   General,   3890,   71.9 ,   0.0 ,   0.0   ,   0.0    ,   0.0 ,   0.0  ,   0.0  ,   0.0 ,   0.0 ,   0.0 ,   0 ,   72 ,   41.9 ,  42.0 ,  0.0 ,  0.0 ,   0.0 ,   0.3 ,   6.7 ,   23.0 ,   19983.1 ,   0.0  ,   0.0    ,   0.0    ,   0.0    ,   0.0,   0.0 ,   8468.6,   7090.2,   0.0,   223.4 ,   571.7 ,   52.2 ,   60.9 ,   0.0,   1.0,   1.91,   0.0,   0.0,   0.0,   0.265,   0.574,   9.4,   0.0,   0.0,   0.0,   0.258,   0.55,   4.4,   0.0,   0.0,   0.0,   0.262,   0.564,   6.8,   0.0,   0.0,   0.0,   0.26,   0.558,   4.2,  NA,  R2000-NZE-Pilot-REIDS_Fairmeadow_Lot-3.h2k,  R2000_NZE_Pilot_Base,  rates2016,  ACH_2_5,  NA,  NBC_Wall_zone5_HRV,  NA,  NBC_Ceiling_zone5_HRV,  NBC_FlatCeiling_zone5,  NBC_FlatCeiling_zone5,  NBC_BCIN_zone5_HRV,  NBC_exposed_zone5,  NBC-zone5-window,  R2000_test,  NA,  NBC-zone5-door,  NBC-zone5-window,  NA,  R2000-HotWater-elec,  NA,  R2000-elec-baseboard,  R2000_HRV,  NoPV,  S,  H2KCodeLibFile,  General,  NA,  interlock,  No-Reduction, 
 6, HTAP-work-2, ./gen-choice-files/sim-6.choices,   General,   3890,   45.3 ,   0.0 ,   0.0   ,   0.0    ,   0.0 ,   0.0  ,   0.0  ,   0.0 ,   0.0 ,   0.0 ,   0 ,   39 ,   15.3 ,  15.3 ,  0.0 ,  0.0 ,   0.0 ,   0.3 ,   6.7 ,   23.0 ,   12593.4 ,   0.0  ,   0.0    ,   0.0    ,   0.0    ,   0.0,   0.0 ,   4331.7,   6900.6,   0.0,   223.4 ,   571.7 ,   19.1 ,   27.8 ,   0.0,   1.0,   2.05,   0.0,   0.0,   0.0,   0.16,   1.04,   9.4,   0.0,   0.0,   0.0,   0.154,   1.081,   4.4,   0.0,   0.0,   0.0,   0.169,   1.07,   6.8,   0.0,   0.0,   0.0,   0.16,   1.096,   4.2,  NA,  R2000-NZE-Pilot-REIDS_Fairmeadow_Lot-3.h2k,  R2000_NZE_Pilot_Env,  rates2016,  NA,  NA,  NA,  NA,  NA,  NA,  NA,  NA,  NA,  NA,  R2000_test,  NA,  NA,  NA,  NA,  R2000-HotWater-elec,  NA,  R2000-elec-baseboard,  R2000_HRV,  NoPV,  S,  H2KCodeLibFile,  General,  NA,  interlock,  No-Reduction, 
 7, HTAP-work-0, ./gen-choice-files/sim-7.choices,   General,   3890,   30.8 ,   0.0 ,   0.0   ,   0.0    ,   0.0 ,   0.0  ,   0.0  ,   0.0 ,   0.0 ,   0.0 ,   0 ,   36 ,   4.9 ,  14.4 ,  1.7 ,  2.7 ,   0.5 ,   0.3 ,   1.9 ,   23.0 ,   8526.8 ,   2.6  ,   0.0    ,   0.0    ,   0.0    ,   0.0,   0.0 ,   4282.0,   6900.6,   0.0,   223.4 ,   571.7 ,   17.9 ,   9.6 ,   0.0,   1.0,   2.05,   0.0,   0.0,   0.0,   0.16,   1.04,   9.4,   0.0,   0.0,   0.0,   0.154,   1.081,   4.4,   0.0,   0.0,   0.0,   0.169,   1.07,   6.8,   0.0,   0.0,   0.0,   0.16,   1.096,   4.2,  NA,  R2000-NZE-Pilot-REIDS_Fairmeadow_Lot-3.h2k,  R2000_NZE_Pilot_Mech,  rates2016,  NA,  NA,  NA,  NA,  NA,  NA,  NA,  NA,  NA,  NA,  R2000_test,  NA,  NA,  NA,  NA,  NA,  NA,  NA,  NA,  NoPV,  S,  H2KCodeLibFile,  General,  NA,  interlock,  No-Reduction, 
 8, HTAP-work-1, ./gen-choice-files/sim-8.choices,   General,   3890,   0.1 ,   0.0 ,   0.0   ,   160.25    ,   -160.25 ,   0.0  ,   0.0  ,   0.0 ,   0.0 ,   0.0 ,   10093 ,   36 ,   4.8 ,  14.0 ,  1.7 ,  2.7 ,   0.5 ,   0.3 ,   1.9 ,   23.0 ,   0.2 ,   2.5  ,   0.0    ,   0.0    ,   0.0    ,   0.0,   -160.2 ,   4282.0,   6900.6,   14.6,   223.4 ,   571.7 ,   17.4 ,   9.4 ,   0.0,   1.0,   2.0,   0.0,   0.0,   0.0,   0.16,   1.04,   9.4,   0.0,   0.0,   0.0,   0.154,   1.081,   4.4,   0.0,   0.0,   0.0,   0.169,   1.07,   6.8,   0.0,   0.0,   0.0,   0.16,   1.096,   4.2,  NA,  R2000-NZE-Pilot-REIDS_Fairmeadow_Lot-3.h2k,  as-found,  rates2016,  NA,  NA,  NA,  NA,  NA,  NA,  NA,  NA,  NA,  NA,  NA,  NA,  NA,  NA,  NA,  NA,  NA,  NA,  NA,  NoPV,  S,  H2KCodeLibFile,  General,  NA,  interlock,  No-Reduction, 
 9, HTAP-work-2, ./gen-choice-files/sim-9.choices,   General,   3890,   74.4 ,   0.0 ,   0.0   ,   0.0    ,   0.0 ,   0.0  ,   0.0  ,   0.0 ,   0.0 ,   0.0 ,   0 ,   75 ,   44.9 ,  45.0 ,  0.0 ,  0.0 ,   0.0 ,   0.3 ,   6.7 ,   22.5 ,   20665.3 ,   0.0  ,   0.0    ,   0.0    ,   0.0    ,   0.0,   0.0 ,   8453.5,   6471.7,   0.0,   196.0 ,   583.8 ,   63.8 ,   73.6 ,   0.0,   1.0,   2.21,   0.0,   0.0,   0.0,   0.267,   0.582,   8.5,   0.0,   0.0,   0.0,   0.256,   0.545,   3.7,   0.0,   0.0,   0.0,   0.254,   0.537,   6.1,   0.0,   0.0,   0.0,   0.261,   0.56,   3.6,  NA,  R2000-NZE-Pilot-REIDS_FairmeadowCA_Lot-6.h2k,  R2000_NZE_Pilot_Base,  rates2016,  ACH_2_5,  NA,  NBC_Wall_zone5_HRV,  NA,  NBC_Ceiling_zone5_HRV,  NBC_FlatCeiling_zone5,  NBC_FlatCeiling_zone5,  NBC_BCIN_zone5_HRV,  NBC_exposed_zone5,  NBC-zone5-window,  R2000_test,  NA,  NBC-zone5-door,  NBC-zone5-window,  NA,  R2000-HotWater-elec,  NA,  R2000-elec-baseboard,  R2000_HRV,  NoPV,  S,  H2KCodeLibFile,  General,  NA,  interlock,  No-Reduction, 
 10, HTAP-work-0, ./gen-choice-files/sim-10.choices,   General,   3890,   48.1 ,   0.0 ,   0.0   ,   0.0    ,   0.0 ,   0.0  ,   0.0  ,   0.0 ,   0.0 ,   0.0 ,   0 ,   42 ,   18.6 ,  18.7 ,  0.0 ,  0.0 ,   0.0 ,   0.3 ,   6.7 ,   22.5 ,   13360.8 ,   0.0  ,   0.0    ,   0.0    ,   0.0    ,   0.0,   0.0 ,   4671.6,   6286.2,   0.0,   196.0 ,   583.8 ,   26.5 ,   36.3 ,   0.0,   1.0,   2.43,   0.0,   0.0,   0.0,   0.165,   1.053,   8.5,   0.0,   0.0,   0.0,   0.149,   1.064,   3.7,   0.0,   0.0,   0.0,   0.151,   1.015,   6.1,   0.0,   0.0,   0.0,   0.163,   1.101,   3.6,  NA,  R2000-NZE-Pilot-REIDS_FairmeadowCA_Lot-6.h2k,  R2000_NZE_Pilot_Env,  rates2016,  NA,  NA,  NA,  NA,  NA,  NA,  NA,  NA,  NA,  NA,  R2000_test,  NA,  NA,  NA,  NA,  R2000-HotWater-elec,  NA,  R2000-elec-baseboard,  R2000_HRV,  NoPV,  S,  H2KCodeLibFile,  General,  NA,  interlock,  No-Reduction, 
 11, HTAP-work-1, ./gen-choice-files/sim-11.choices,   General,   3890,   32.6 ,   0.0 ,   0.0   ,   0.0    ,   0.0 ,   0.0  ,   0.0  ,   0.0 ,   0.0 ,   0.0 ,   0 ,   41 ,   6.5 ,  19.5 ,  1.9 ,  2.8 ,   0.5 ,   0.9 ,   1.9 ,   22.5 ,   8988.0 ,   5.3  ,   0.0    ,   0.0    ,   0.0    ,   0.0,   0.0 ,   4614.4,   6286.2,   0.0,   196.0 ,   583.8 ,   27.7 ,   14.1 ,   0.0,   1.0,   2.23,   0.0,   0.0,   0.0,   0.165,   1.053,   8.5,   0.0,   0.0,   0.0,   0.149,   1.064,   3.7,   0.0,   0.0,   0.0,   0.151,   1.015,   6.1,   0.0,   0.0,   0.0,   0.163,   1.101,   3.6,  NA,  R2000-NZE-Pilot-REIDS_FairmeadowCA_Lot-6.h2k,  R2000_NZE_Pilot_Mech,  rates2016,  NA,  NA,  NA,  NA,  NA,  NA,  NA,  NA,  NA,  NA,  R2000_test,  NA,  NA,  NA,  NA,  NA,  NA,  NA,  NA,  NoPV,  S,  H2KCodeLibFile,  General,  NA,  interlock,  No-Reduction, 
 12, HTAP-work-2, ./gen-choice-files/sim-12.choices,   General,   3890,   0.2 ,   0.0 ,   0.0   ,   132.26    ,   -132.26 ,   0.0  ,   0.0  ,   0.0 ,   0.0 ,   0.0 ,   10272 ,   42 ,   6.4 ,  19.0 ,  1.9 ,  2.8 ,   0.5 ,   0.9 ,   1.9 ,   22.5 ,   0.1 ,   5.2  ,   0.0    ,   0.0    ,   0.0    ,   0.0,   -132.3 ,   4614.4,   6286.2,   14.8,   196.0 ,   583.8 ,   27.0 ,   13.9 ,   0.0,   1.0,   2.2,   0.0,   0.0,   0.0,   0.165,   1.053,   8.5,   0.0,   0.0,   0.0,   0.149,   1.064,   3.7,   0.0,   0.0,   0.0,   0.151,   1.015,   6.1,   0.0,   0.0,   0.0,   0.163,   1.101,   3.6,  NA,  R2000-NZE-Pilot-REIDS_FairmeadowCA_Lot-6.h2k,  as-found,  rates2016,  NA,  NA,  NA,  NA,  NA,  NA,  NA,  NA,  NA,  NA,  NA,  NA,  NA,  NA,  NA,  NA,  NA,  NA,  NA,  NoPV,  S,  H2KCodeLibFile,  General,  NA,  interlock,  No-Reduction, 
 13, HTAP-work-0, ./gen-choice-files/sim-13.choices,   General,   3890,   83.3 ,   0.0 ,   1927.86   ,   0.0    ,   1927.86 ,   1830.87  ,   96.99  ,   0.0 ,   0.0 ,   0.0 ,   0 ,   74 ,   44.4 ,  44.4 ,  0.0 ,  0.0 ,   0.0 ,   0.3 ,   13.1 ,   25.6 ,   23102.1 ,   4.3  ,   0.0    ,   0.0    ,   0.0    ,   0.0,   1927.9 ,   8440.8,   5980.9,   0.0,   207.0 ,   565.8 ,   59.5 ,   77.4 ,   0.0,   1.0,   2.3,   0.0,   0.0,   0.0,   0.266,   0.579,   5.7,   0.0,   0.0,   0.0,   0.259,   0.553,   5.7,   0.0,   0.0,   0.0,   0.257,   0.546,   5.2,   0.0,   0.0,   0.0,   0.259,   0.554,   5.5,  NA,  R2000-NZE-Pilot-REIDS_townsend_lot-7.h2k,  R2000_NZE_Pilot_Base,  rates2016,  ACH_2_5,  NA,  NBC_Wall_zone5_HRV,  NA,  NBC_Ceiling_zone5_HRV,  NBC_FlatCeiling_zone5,  NBC_FlatCeiling_zone5,  NBC_BCIN_zone5_HRV,  NBC_exposed_zone5,  NBC-zone5-window,  R2000_test,  NA,  NBC-zone5-door,  NBC-zone5-window,  NA,  R2000-HotWater-elec,  NA,  R2000-elec-baseboard,  R2000_HRV,  NoPV,  S,  H2KCodeLibFile,  General,  NA,  interlock,  No-Reduction, 
 14, HTAP-work-1, ./gen-choice-files/sim-14.choices,   General,   3890,   55.9 ,   0.0 ,   1393.37   ,   0.0    ,   1393.37 ,   1296.41  ,   96.97  ,   0.0 ,   0.0 ,   0.0 ,   0 ,   40 ,   17.0 ,  16.9 ,  0.0 ,  0.0 ,   0.0 ,   0.3 ,   13.1 ,   25.6 ,   15488.7 ,   4.2  ,   0.0    ,   0.0    ,   0.0    ,   0.0,   1393.4 ,   4545.0,   5781.4,   0.0,   207.0 ,   565.8 ,   22.7 ,   40.7 ,   0.0,   1.0,   2.43,   0.0,   0.0,   0.0,   0.155,   1.0,   5.7,   0.0,   0.0,   0.0,   0.191,   0.904,   5.7,   0.0,   0.0,   0.0,   0.159,   1.037,   5.2,   0.0,   0.0,   0.0,   0.157,   1.084,   5.5,  NA,  R2000-NZE-Pilot-REIDS_townsend_lot-7.h2k,  R2000_NZE_Pilot_Env,  rates2016,  NA,  NA,  NA,  NA,  NA,  NA,  NA,  NA,  NA,  NA,  R2000_test,  NA,  NA,  NA,  NA,  R2000-HotWater-elec,  NA,  R2000-elec-baseboard,  R2000_HRV,  NoPV,  S,  H2KCodeLibFile,  General,  NA,  interlock,  No-Reduction, 
 15, HTAP-work-2, ./gen-choice-files/sim-15.choices,   General,   3890,   38.9 ,   0.0 ,   1063.48   ,   0.0    ,   1063.48 ,   967.48  ,   96.0  ,   0.0 ,   0.0 ,   0.0 ,   0 ,   40 ,   7.6 ,  18.6 ,  2.1 ,  2.4 ,   0.8 ,   0.8 ,   4.0 ,   25.6 ,   10803.1 ,   0.0  ,   0.0    ,   0.0    ,   0.0    ,   0.0,   1063.5 ,   4508.9,   5781.4,   0.0,   207.0 ,   565.8 ,   25.0 ,   17.6 ,   0.0,   1.0,   2.33,   0.0,   0.0,   0.0,   0.155,   1.0,   5.7,   0.0,   0.0,   0.0,   0.191,   0.904,   5.7,   0.0,   0.0,   0.0,   0.159,   1.037,   5.2,   0.0,   0.0,   0.0,   0.157,   1.084,   5.5,  NA,  R2000-NZE-Pilot-REIDS_townsend_lot-7.h2k,  R2000_NZE_Pilot_Mech,  rates2016,  NA,  NA,  NA,  NA,  NA,  NA,  NA,  NA,  NA,  NA,  R2000_test,  NA,  NA,  NA,  NA,  NA,  NA,  NA,  NA,  NoPV,  S,  H2KCodeLibFile,  General,  NA,  interlock,  No-Reduction, 
 16, HTAP-work-0, ./gen-choice-files/sim-16.choices,   General,   3890,   1.5 ,   0.0 ,   251.81   ,   0.0    ,   251.81 ,   155.81  ,   96.0  ,   0.0 ,   0.0 ,   0.0 ,   10337 ,   40 ,   7.4 ,  18.0 ,  2.1 ,  2.4 ,   0.8 ,   0.8 ,   4.0 ,   25.6 ,   404.4 ,   0.0  ,   0.0    ,   0.0    ,   0.0    ,   0.0,   251.8 ,   4508.9,   5781.4,   14.9,   207.0 ,   565.8 ,   24.2 ,   17.3 ,   0.0,   1.0,   2.35,   0.0,   0.0,   0.0,   0.155,   1.0,   5.7,   0.0,   0.0,   0.0,   0.191,   0.904,   5.7,   0.0,   0.0,   0.0,   0.159,   1.037,   5.2,   0.0,   0.0,   0.0,   0.157,   1.084,   5.5,  NA,  R2000-NZE-Pilot-REIDS_townsend_lot-7.h2k,  as-found,  rates2016,  NA,  NA,  NA,  NA,  NA,  NA,  NA,  NA,  NA,  NA,  NA,  NA,  NA,  NA,  NA,  NA,  NA,  NA,  NA,  NoPV,  S,  H2KCodeLibFile,  General,  NA,  interlock,  No-Reduction, 
 17, HTAP-work-1, ./gen-choice-files/sim-17.choices,   General,   3890,   67.5 ,   0.0 ,   0.0   ,   0.0    ,   0.0 ,   0.0  ,   0.0  ,   0.0 ,   0.0 ,   0.0 ,   0 ,   67 ,   37.5 ,  37.6 ,  0.0 ,  0.0 ,   0.0 ,   0.3 ,   6.7 ,   23.0 ,   18749.9 ,   0.0  ,   0.0    ,   0.0    ,   0.0    ,   0.0,   0.0 ,   7841.2,   6419.7,   0.0,   189.1 ,   503.7 ,   55.2 ,   65.4 ,   0.0,   1.0,   2.0,   0.0,   0.0,   0.0,   0.266,   0.579,   9.2,   0.0,   0.0,   0.0,   0.259,   0.552,   3.4,   0.0,   0.0,   0.0,   0.259,   0.554,   5.2,   0.0,   0.0,   0.0,   0.261,   0.559,   4.4,  NA,  R2000-NZE-Pilot-REIDS_WindflowerIIIMA_Lot-5.h2k,  R2000_NZE_Pilot_Base,  rates2016,  ACH_2_5,  NA,  NBC_Wall_zone5_HRV,  NA,  NBC_Ceiling_zone5_HRV,  NBC_FlatCeiling_zone5,  NBC_FlatCeiling_zone5,  NBC_BCIN_zone5_HRV,  NBC_exposed_zone5,  NBC-zone5-window,  R2000_test,  NA,  NBC-zone5-door,  NBC-zone5-window,  NA,  R2000-HotWater-elec,  NA,  R2000-elec-baseboard,  R2000_HRV,  NoPV,  S,  H2KCodeLibFile,  General,  NA,  interlock,  No-Reduction, 
 18, HTAP-work-2, ./gen-choice-files/sim-18.choices,   General,   3890,   44.2 ,   0.0 ,   0.0   ,   0.0    ,   0.0 ,   0.0  ,   0.0  ,   0.0 ,   0.0 ,   0.0 ,   0 ,   37 ,   14.1 ,  14.2 ,  0.0 ,  0.0 ,   0.0 ,   0.3 ,   6.7 ,   23.0 ,   12270.6 ,   0.0  ,   0.0    ,   0.0    ,   0.0    ,   0.0,   0.0 ,   4204.1,   6234.4,   0.0,   189.1 ,   503.7 ,   20.8 ,   31.1 ,   0.0,   1.0,   2.01,   0.0,   0.0,   0.0,   0.164,   1.052,   9.2,   0.0,   0.0,   0.0,   0.156,   1.087,   3.4,   0.0,   0.0,   0.0,   0.157,   1.087,   5.2,   0.0,   0.0,   0.0,   0.161,   1.097,   4.4,  NA,  R2000-NZE-Pilot-REIDS_WindflowerIIIMA_Lot-5.h2k,  R2000_NZE_Pilot_Env,  rates2016,  NA,  NA,  NA,  NA,  NA,  NA,  NA,  NA,  NA,  NA,  R2000_test,  NA,  NA,  NA,  NA,  R2000-HotWater-elec,  NA,  R2000-elec-baseboard,  R2000_HRV,  NoPV,  S,  H2KCodeLibFile,  General,  NA,  interlock,  No-Reduction, 
 19, HTAP-work-0, ./gen-choice-files/sim-19.choices,   General,   3890,   30.6 ,   0.0 ,   0.0   ,   0.0    ,   0.0 ,   0.0  ,   0.0  ,   0.0 ,   0.0 ,   0.0 ,   0 ,   34 ,   4.6 ,  13.2 ,  2.2 ,  2.8 ,   0.6 ,   0.3 ,   1.9 ,   23.0 ,   8478.9 ,   2.2  ,   0.0    ,   0.0    ,   0.0    ,   0.0,   0.0 ,   4156.4,   6234.4,   0.0,   189.1 ,   503.7 ,   19.5 ,   11.0 ,   0.0,   1.0,   2.11,   0.0,   0.0,   0.0,   0.164,   1.052,   9.2,   0.0,   0.0,   0.0,   0.156,   1.087,   3.4,   0.0,   0.0,   0.0,   0.157,   1.087,   5.2,   0.0,   0.0,   0.0,   0.161,   1.097,   4.4,  NA,  R2000-NZE-Pilot-REIDS_WindflowerIIIMA_Lot-5.h2k,  R2000_NZE_Pilot_Mech,  rates2016,  NA,  NA,  NA,  NA,  NA,  NA,  NA,  NA,  NA,  NA,  R2000_test,  NA,  NA,  NA,  NA,  NA,  NA,  NA,  NA,  NoPV,  S,  H2KCodeLibFile,  General,  NA,  interlock,  No-Reduction, 
 20, HTAP-work-1, ./gen-choice-files/sim-20.choices,   General,   3890,   0.1 ,   0.0 ,   0.0   ,   194.05    ,   -194.05 ,   0.0  ,   0.0  ,   0.0 ,   0.0 ,   0.0 ,   10383 ,   35 ,   4.4 ,  12.8 ,  2.2 ,  2.8 ,   0.6 ,   0.3 ,   1.9 ,   23.0 ,   0.2 ,   2.2  ,   0.0    ,   0.0    ,   0.0    ,   0.0,   -194.1 ,   4156.4,   6234.4,   15.0,   189.1 ,   503.7 ,   18.8 ,   10.8 ,   0.0,   1.0,   2.09,   0.0,   0.0,   0.0,   0.164,   1.052,   9.2,   0.0,   0.0,   0.0,   0.156,   1.087,   3.4,   0.0,   0.0,   0.0,   0.157,   1.087,   5.2,   0.0,   0.0,   0.0,   0.161,   1.097,   4.4,  NA,  R2000-NZE-Pilot-REIDS_WindflowerIIIMA_Lot-5.h2k,  as-found,  rates2016,  NA,  NA,  NA,  NA,  NA,  NA,  NA,  NA,  NA,  NA,  NA,  NA,  NA,  NA,  NA,  NA,  NA,  NA,  NA,  NoPV,  S,  H2KCodeLibFile,  General,  NA,  interlock,  No-Reduction, 
 21, HTAP-work-2, ./gen-choice-files/sim-21.choices,   General,   5120,   112.6 ,   0.0 ,   4545.17   ,   0.0    ,   4545.17 ,   4545.17  ,   0.0  ,   0.0 ,   0.0 ,   0.0 ,   0 ,   125 ,   80.9 ,  81.1 ,  0.0 ,  0.0 ,   0.0 ,   1.8 ,   7.7 ,   22.2 ,   31281.8 ,   0.0  ,   0.0    ,   0.0    ,   0.0    ,   0.0,   4545.2 ,   12083.1,   6530.5,   0.0,   274.5 ,   762.1 ,   82.0 ,   91.5 ,   0.0,   1.0,   2.15,   0.268,   0.637,   15.4,   0.0,   0.0,   0.0,   0.263,   0.63,   2.0,   0.255,   0.619,   0.6,   0.268,   0.636,   10.4,   0.0,   0.0,   0.0,   0.26,   0.625,   4.3,   0.0,   0.0,   0.0,  NA,  R2000-NZE-Pilot-Habitat_FinalDesign.h2k,  R2000_NZE_Pilot_Base,  rates2016,  ACH_2_5,  NA,  NBC_Wall_zone7A_HRV,  NA,  NBC_Ceiling_zone7A_HRV,  NBC_FlatCeiling_zone7A,  NBC_FlatCeiling_zone7A,  NBC_BCIN_zone7A_HRV,  NBC_exposed_zone7A,  NBC-zone7A-window,  R2000_test,  NA,  NBC-zone7A-door,  NBC-zone7A-window,  NA,  R2000-HotWater-elec,  NA,  R2000-elec-baseboard,  R2000_HRV,  NoPV,  S,  H2KCodeLibFile,  General,  NA,  interlock,  No-Reduction, 
 22, HTAP-work-0, ./gen-choice-files/sim-22.choices,   General,   5120,   63.5 ,   0.0 ,   2675.37   ,   0.0    ,   2675.37 ,   2675.37  ,   0.0  ,   0.0 ,   0.0 ,   0.0 ,   0 ,   76 ,   31.7 ,  31.8 ,  0.0 ,  0.0 ,   0.0 ,   1.8 ,   7.8 ,   22.2 ,   17633.6 ,   0.0  ,   0.0    ,   0.0    ,   0.0    ,   0.0,   2675.4 ,   6324.9,   6575.1,   0.0,   274.5 ,   762.1 ,   32.2 ,   41.8 ,   0.0,   1.0,   2.22,   0.375,   0.906,   15.4,   0.0,   0.0,   0.0,   0.243,   0.786,   2.0,   0.273,   0.793,   0.6,   0.291,   0.951,   10.4,   0.0,   0.0,   0.0,   0.238,   0.749,   4.3,   0.0,   0.0,   0.0,  NA,  R2000-NZE-Pilot-Habitat_FinalDesign.h2k,  R2000_NZE_Pilot_Env,  rates2016,  NA,  NA,  NA,  NA,  NA,  NA,  NA,  NA,  NA,  NA,  R2000_test,  NA,  NA,  NA,  NA,  R2000-HotWater-elec,  NA,  R2000-elec-baseboard,  R2000_HRV,  NoPV,  S,  H2KCodeLibFile,  General,  NA,  interlock,  No-Reduction, 
 23, HTAP-work-1, ./gen-choice-files/sim-23.choices,   General,   5120,   43.8 ,   0.0 ,   1927.92   ,   0.0    ,   1927.92 ,   1927.92  ,   0.0  ,   0.0 ,   0.0 ,   0.0 ,   0 ,   71 ,   17.1 ,  29.7 ,  1.1 ,  2.7 ,   0.3 ,   1.8 ,   2.3 ,   22.2 ,   12177.8 ,   0.0  ,   0.0    ,   0.0    ,   0.0    ,   0.0,   1927.9 ,   6056.8,   6575.1,   0.0,   274.5 ,   762.1 ,   30.0 ,   21.8 ,   0.0,   1.0,   2.25,   0.375,   0.906,   15.4,   0.0,   0.0,   0.0,   0.243,   0.786,   2.0,   0.273,   0.793,   0.6,   0.291,   0.951,   10.4,   0.0,   0.0,   0.0,   0.238,   0.749,   4.3,   0.0,   0.0,   0.0,  NA,  R2000-NZE-Pilot-Habitat_FinalDesign.h2k,  R2000_NZE_Pilot_Mech,  rates2016,  NA,  NA,  NA,  NA,  NA,  NA,  NA,  NA,  NA,  NA,  R2000_test,  NA,  NA,  NA,  NA,  NA,  NA,  NA,  NA,  NoPV,  S,  H2KCodeLibFile,  General,  NA,  interlock,  No-Reduction, 
 24, HTAP-work-2, ./gen-choice-files/sim-24.choices,   General,   5120,   0.0 ,   0.0 ,   259.56   ,   56.94    ,   202.62 ,   259.56  ,   0.0  ,   0.0 ,   0.0 ,   0.0 ,   12506 ,   72 ,   16.2 ,  27.6 ,  1.1 ,  2.7 ,   0.3 ,   1.8 ,   2.3 ,   22.2 ,   0.0 ,   0.0  ,   0.0    ,   0.0    ,   0.0    ,   0.0,   202.6 ,   6056.8,   6575.1,   21.2,   274.5 ,   762.1 ,   27.9 ,   20.9 ,   0.0,   1.0,   2.39,   0.375,   0.906,   15.4,   0.0,   0.0,   0.0,   0.243,   0.786,   2.0,   0.273,   0.793,   0.6,   0.291,   0.951,   10.4,   0.0,   0.0,   0.0,   0.238,   0.749,   4.3,   0.0,   0.0,   0.0,  NA,  R2000-NZE-Pilot-Habitat_FinalDesign.h2k,  as-found,  rates2016,  NA,  NA,  NA,  NA,  NA,  NA,  NA,  NA,  NA,  NA,  NA,  NA,  NA,  NA,  NA,  NA,  NA,  NA,  NA,  NoPV,  S,  H2KCodeLibFile,  General,  NA,  interlock,  No-Reduction, 
 25, HTAP-work-0, ./gen-choice-files/sim-25.choices,   General,   5000,   82.3 ,   0.0 ,   2501.03   ,   0.0    ,   2501.03 ,   2501.03  ,   0.0  ,   0.0 ,   0.0 ,   0.0 ,   0 ,   90 ,   53.5 ,  53.6 ,  0.0 ,  0.0 ,   0.0 ,   1.7 ,   9.4 ,   22.3 ,   24127.4 ,   0.0  ,   0.0    ,   0.0    ,   0.0    ,   0.0,   2501.0 ,   10482.6,   4775.2,   0.0,   208.7 ,   543.8 ,   71.4 ,   85.9 ,   0.0,   1.0,   2.12,   0.269,   0.638,   7.7,   0.0,   0.0,   0.0,   0.26,   0.626,   0.9,   0.0,   0.0,   0.0,   0.27,   0.641,   11.8,   0.0,   0.0,   0.0,   0.263,   0.629,   5.9,   0.0,   0.0,   0.0,  NA,  R2000-NZE-Pilot-Mattamy_FinalDesign-Project-1.h2k,  R2000_NZE_Pilot_Base,  rates2016,  ACH_2_5,  NA,  NBC_Wall_zone7A_HRV,  NA,  NBC_Ceiling_zone7A_HRV,  NBC_FlatCeiling_zone7A,  NBC_FlatCeiling_zone7A,  NBC_BCIN_zone7A_HRV,  NBC_exposed_zone7A,  NBC-zone7A-window,  R2000_test,  NA,  NBC-zone7A-door,  NBC-zone7A-window,  NA,  R2000-HotWater-elec,  NA,  R2000-elec-baseboard,  R2000_HRV,  NoPV,  S,  H2KCodeLibFile,  General,  NA,  interlock,  No-Reduction, 
 26, HTAP-work-1, ./gen-choice-files/sim-26.choices,   General,   5000,   48.9 ,   0.0 ,   1505.38   ,   0.0    ,   1505.38 ,   1505.38  ,   0.0  ,   0.0 ,   0.0 ,   0.0 ,   0 ,   47 ,   18.3 ,  18.3 ,  0.0 ,  0.0 ,   0.0 ,   1.7 ,   9.3 ,   22.3 ,   14327.8 ,   0.0  ,   0.0    ,   0.0    ,   0.0    ,   0.0,   1505.4 ,   5285.2,   4829.3,   0.0,   208.7 ,   543.8 ,   24.4 ,   38.9 ,   0.0,   1.0,   2.3,   0.187,   1.101,   7.7,   0.0,   0.0,   0.0,   0.167,   1.191,   0.9,   0.0,   0.0,   0.0,   0.194,   1.181,   11.8,   0.0,   0.0,   0.0,   0.175,   0.902,   5.9,   0.0,   0.0,   0.0,  NA,  R2000-NZE-Pilot-Mattamy_FinalDesign-Project-1.h2k,  R2000_NZE_Pilot_Env,  rates2016,  NA,  NA,  NA,  NA,  NA,  NA,  NA,  NA,  NA,  NA,  R2000_test,  NA,  NA,  NA,  NA,  R2000-HotWater-elec,  NA,  R2000-elec-baseboard,  R2000_HRV,  NoPV,  S,  H2KCodeLibFile,  General,  NA,  interlock,  No-Reduction, 
 27, HTAP-work-2, ./gen-choice-files/sim-27.choices,   General,   5000,   35.9 ,   0.0 ,   1117.39   ,   0.0    ,   1117.39 ,   1117.39  ,   0.0  ,   0.0 ,   0.0 ,   0.0 ,   0 ,   41 ,   6.6 ,  15.9 ,  0.6 ,  0.6 ,   1.0 ,   5.0 ,   2.8 ,   22.3 ,   10508.9 ,   0.0  ,   0.0    ,   0.0    ,   0.0    ,   0.0,   1117.4 ,   4984.6,   4829.3,   0.0,   208.7 ,   543.8 ,   21.2 ,   20.6 ,   0.0,   1.0,   2.31,   0.187,   1.101,   7.7,   0.0,   0.0,   0.0,   0.167,   1.191,   0.9,   0.0,   0.0,   0.0,   0.194,   1.181,   11.8,   0.0,   0.0,   0.0,   0.175,   0.902,   5.9,   0.0,   0.0,   0.0,  NA,  R2000-NZE-Pilot-Mattamy_FinalDesign-Project-1.h2k,  R2000_NZE_Pilot_Mech,  rates2016,  NA,  NA,  NA,  NA,  NA,  NA,  NA,  NA,  NA,  NA,  R2000_test,  NA,  NA,  NA,  NA,  NA,  NA,  NA,  NA,  NoPV,  S,  H2KCodeLibFile,  General,  NA,  interlock,  No-Reduction, 
 28, HTAP-work-0, ./gen-choice-files/sim-28.choices,   General,   5000,   0.0 ,   0.0 ,   114.48   ,   0.0    ,   114.48 ,   114.48  ,   0.0  ,   0.0 ,   0.0 ,   0.0 ,   0 ,   41 ,   6.4 ,  15.2 ,  0.6 ,  0.6 ,   1.0 ,   5.0 ,   2.8 ,   22.3 ,   0.0 ,   0.0  ,   0.0    ,   0.0    ,   0.0    ,   0.0,   114.5 ,   4984.6,   4829.3,   0.0,   208.7 ,   543.8 ,   20.2 ,   20.2 ,   0.0,   1.0,   2.28,   0.187,   1.101,   7.7,   0.0,   0.0,   0.0,   0.167,   1.191,   0.9,   0.0,   0.0,   0.0,   0.194,   1.181,   11.8,   0.0,   0.0,   0.0,   0.175,   0.902,   5.9,   0.0,   0.0,   0.0,  NA,  R2000-NZE-Pilot-Mattamy_FinalDesign-Project-1.h2k,  as-found,  rates2016,  NA,  NA,  NA,  NA,  NA,  NA,  NA,  NA,  NA,  NA,  NA,  NA,  NA,  NA,  NA,  NA,  NA,  NA,  NA,  NoPV,  S,  H2KCodeLibFile,  General,  NA,  interlock,  No-Reduction, 
 29, HTAP-work-1, ./gen-choice-files/sim-29.choices,   General,   5000,   82.2 ,   0.0 ,   2498.69   ,   0.0    ,   2498.69 ,   2498.69  ,   0.0  ,   0.0 ,   0.0 ,   0.0 ,   0 ,   88 ,   53.4 ,  53.5 ,  0.0 ,  0.0 ,   0.0 ,   1.7 ,   9.4 ,   22.3 ,   24104.3 ,   0.0  ,   0.0    ,   0.0    ,   0.0    ,   0.0,   2498.7 ,   10223.0,   4013.2,   0.0,   208.7 ,   566.0 ,   71.3 ,   85.8 ,   0.0,   1.0,   2.08,   0.269,   0.638,   7.7,   0.0,   0.0,   0.0,   0.26,   0.626,   0.9,   0.0,   0.0,   0.0,   0.27,   0.641,   11.4,   0.0,   0.0,   0.0,   0.261,   0.627,   3.6,   0.0,   0.0,   0.0,  NA,  R2000-NZE-Pilot-Mattamy-Lot2-10_FinalDesign.h2k,  R2000_NZE_Pilot_Base,  rates2016,  ACH_2_5,  NA,  NBC_Wall_zone7A_HRV,  NA,  NBC_Ceiling_zone7A_HRV,  NBC_FlatCeiling_zone7A,  NBC_FlatCeiling_zone7A,  NBC_BCIN_zone7A_HRV,  NBC_exposed_zone7A,  NBC-zone7A-window,  R2000_test,  NA,  NBC-zone7A-door,  NBC-zone7A-window,  NA,  R2000-HotWater-elec,  NA,  R2000-elec-baseboard,  R2000_HRV,  NoPV,  S,  H2KCodeLibFile,  General,  NA,  interlock,  No-Reduction, 
 30, HTAP-work-2, ./gen-choice-files/sim-30.choices,   General,   5000,   46.4 ,   0.0 ,   1431.48   ,   0.0    ,   1431.48 ,   1431.48  ,   0.0  ,   0.0 ,   0.0 ,   0.0 ,   0 ,   43 ,   15.7 ,  15.7 ,  0.0 ,  0.0 ,   0.0 ,   1.7 ,   9.3 ,   22.3 ,   13600.4 ,   0.0  ,   0.0    ,   0.0    ,   0.0    ,   0.0,   1431.5 ,   4562.2,   4067.1,   0.0,   208.7 ,   566.0 ,   20.9 ,   35.4 ,   0.0,   1.0,   2.22,   0.187,   1.101,   7.7,   0.0,   0.0,   0.0,   0.167,   1.191,   0.9,   0.0,   0.0,   0.0,   0.194,   1.181,   11.4,   0.0,   0.0,   0.0,   0.179,   0.773,   3.6,   0.0,   0.0,   0.0,  NA,  R2000-NZE-Pilot-Mattamy-Lot2-10_FinalDesign.h2k,  R2000_NZE_Pilot_Env,  rates2016,  NA,  NA,  NA,  NA,  NA,  NA,  NA,  NA,  NA,  NA,  R2000_test,  NA,  NA,  NA,  NA,  R2000-HotWater-elec,  NA,  R2000-elec-baseboard,  R2000_HRV,  NoPV,  S,  H2KCodeLibFile,  General,  NA,  interlock,  No-Reduction, 
 31, HTAP-work-0, ./gen-choice-files/sim-31.choices,   General,   5000,   31.6 ,   0.0 ,   991.22   ,   0.0    ,   991.22 ,   991.22  ,   0.0  ,   0.0 ,   0.0 ,   0.0 ,   0 ,   38 ,   5.7 ,  13.6 ,  0.6 ,  0.7 ,   0.8 ,   1.7 ,   2.8 ,   22.3 ,   9267.2 ,   0.0  ,   0.0    ,   0.0    ,   0.0    ,   0.0,   991.2 ,   4315.7,   4067.1,   0.0,   208.7 ,   566.0 ,   18.1 ,   14.6 ,   0.0,   1.0,   2.26,   0.187,   1.101,   7.7,   0.0,   0.0,   0.0,   0.167,   1.191,   0.9,   0.0,   0.0,   0.0,   0.194,   1.181,   11.4,   0.0,   0.0,   0.0,   0.179,   0.773,   3.6,   0.0,   0.0,   0.0,  NA,  R2000-NZE-Pilot-Mattamy-Lot2-10_FinalDesign.h2k,  R2000_NZE_Pilot_Mech,  rates2016,  NA,  NA,  NA,  NA,  NA,  NA,  NA,  NA,  NA,  NA,  R2000_test,  NA,  NA,  NA,  NA,  NA,  NA,  NA,  NA,  NoPV,  S,  H2KCodeLibFile,  General,  NA,  interlock,  No-Reduction, 
 32, HTAP-work-1, ./gen-choice-files/sim-32.choices,   General,   5000,   0.0 ,   0.0 ,   114.48   ,   582.28    ,   -467.79999999999995 ,   114.48  ,   0.0  ,   0.0 ,   0.0 ,   0.0 ,   15050 ,   39 ,   5.4 ,  12.8 ,  0.6 ,  0.6 ,   1.0 ,   1.7 ,   2.8 ,   22.3 ,   0.0 ,   0.0  ,   0.0    ,   0.0    ,   0.0    ,   0.0,   -467.8 ,   4315.7,   4067.1,   21.7,   208.7 ,   566.0 ,   17.1 ,   14.4 ,   0.0,   1.0,   2.22,   0.187,   1.101,   7.7,   0.0,   0.0,   0.0,   0.167,   1.191,   0.9,   0.0,   0.0,   0.0,   0.194,   1.181,   11.4,   0.0,   0.0,   0.0,   0.179,   0.773,   3.6,   0.0,   0.0,   0.0,  NA,  R2000-NZE-Pilot-Mattamy-Lot2-10_FinalDesign.h2k,  as-found,  rates2016,  NA,  NA,  NA,  NA,  NA,  NA,  NA,  NA,  NA,  NA,  NA,  NA,  NA,  NA,  NA,  NA,  NA,  NA,  NA,  NoPV,  S,  H2KCodeLibFile,  General,  NA,  interlock,  No-Reduction, 
 33, HTAP-work-2, ./gen-choice-files/sim-33.choices,   General,   5000,   82.3 ,   0.0 ,   2498.81   ,   0.0    ,   2498.81 ,   2498.81  ,   0.0  ,   0.0 ,   0.0 ,   0.0 ,   0 ,   88 ,   53.4 ,  53.6 ,  0.0 ,  0.0 ,   0.0 ,   1.7 ,   9.4 ,   22.3 ,   24105.6 ,   0.0  ,   0.0    ,   0.0    ,   0.0    ,   0.0,   2498.8 ,   10223.4,   4012.8,   0.0,   208.7 ,   566.0 ,   71.3 ,   85.8 ,   0.0,   1.0,   2.13,   0.269,   0.638,   7.7,   0.0,   0.0,   0.0,   0.26,   0.626,   0.9,   0.0,   0.0,   0.0,   0.27,   0.641,   11.4,   0.0,   0.0,   0.0,   0.261,   0.627,   3.6,   0.0,   0.0,   0.0,  NA,  R2000-NZE-Pilot-Mattamy-Lot2-11_FinalDesign.h2k,  R2000_NZE_Pilot_Base,  rates2016,  ACH_2_5,  NA,  NBC_Wall_zone7A_HRV,  NA,  NBC_Ceiling_zone7A_HRV,  NBC_FlatCeiling_zone7A,  NBC_FlatCeiling_zone7A,  NBC_BCIN_zone7A_HRV,  NBC_exposed_zone7A,  NBC-zone7A-window,  R2000_test,  NA,  NBC-zone7A-door,  NBC-zone7A-window,  NA,  R2000-HotWater-elec,  NA,  R2000-elec-baseboard,  R2000_HRV,  NoPV,  S,  H2KCodeLibFile,  General,  NA,  interlock,  No-Reduction, 
 34, HTAP-work-0, ./gen-choice-files/sim-34.choices,   General,   5000,   47.6 ,   0.0 ,   1466.8   ,   0.0    ,   1466.8 ,   1466.8  ,   0.0  ,   0.0 ,   0.0 ,   0.0 ,   0 ,   45 ,   16.9 ,  17.0 ,  0.0 ,  0.0 ,   0.0 ,   1.7 ,   9.3 ,   22.3 ,   13948.0 ,   0.0  ,   0.0    ,   0.0    ,   0.0    ,   0.0,   1466.8 ,   4778.0,   4067.1,   0.0,   208.7 ,   566.0 ,   22.6 ,   37.1 ,   0.0,   1.0,   2.19,   0.187,   1.101,   7.7,   0.0,   0.0,   0.0,   0.167,   1.191,   0.9,   0.0,   0.0,   0.0,   0.194,   1.181,   11.4,   0.0,   0.0,   0.0,   0.179,   0.773,   3.6,   0.0,   0.0,   0.0,  NA,  R2000-NZE-Pilot-Mattamy-Lot2-11_FinalDesign.h2k,  R2000_NZE_Pilot_Env,  rates2016,  NA,  NA,  NA,  NA,  NA,  NA,  NA,  NA,  NA,  NA,  R2000_test,  NA,  NA,  NA,  NA,  R2000-HotWater-elec,  NA,  R2000-elec-baseboard,  R2000_HRV,  NoPV,  S,  H2KCodeLibFile,  General,  NA,  interlock,  No-Reduction, 
 35, HTAP-work-1, ./gen-choice-files/sim-35.choices,   General,   5000,   32.1 ,   0.0 ,   1004.35   ,   0.0    ,   1004.35 ,   1004.35  ,   0.0  ,   0.0 ,   0.0 ,   0.0 ,   0 ,   40 ,   6.1 ,  14.8 ,  0.6 ,  0.7 ,   0.8 ,   1.7 ,   2.8 ,   22.3 ,   9396.3 ,   0.0  ,   0.0    ,   0.0    ,   0.0    ,   0.0,   1004.3 ,   4546.3,   4067.1,   0.0,   208.7 ,   566.0 ,   19.7 ,   15.2 ,   0.0,   1.0,   2.18,   0.187,   1.101,   7.7,   0.0,   0.0,   0.0,   0.167,   1.191,   0.9,   0.0,   0.0,   0.0,   0.194,   1.181,   11.4,   0.0,   0.0,   0.0,   0.179,   0.773,   3.6,   0.0,   0.0,   0.0,  NA,  R2000-NZE-Pilot-Mattamy-Lot2-11_FinalDesign.h2k,  R2000_NZE_Pilot_Mech,  rates2016,  NA,  NA,  NA,  NA,  NA,  NA,  NA,  NA,  NA,  NA,  R2000_test,  NA,  NA,  NA,  NA,  NA,  NA,  NA,  NA,  NoPV,  S,  H2KCodeLibFile,  General,  NA,  interlock,  No-Reduction, 
 36, HTAP-work-2, ./gen-choice-files/sim-36.choices,   General,   5000,   0.0 ,   0.0 ,   114.48   ,   569.97    ,   -455.49 ,   114.48  ,   0.0  ,   0.0 ,   0.0 ,   0.0 ,   15050 ,   40 ,   5.8 ,  14.0 ,  0.6 ,  0.6 ,   1.0 ,   1.7 ,   2.8 ,   22.3 ,   0.0 ,   0.0  ,   0.0    ,   0.0    ,   0.0    ,   0.0,   -455.5 ,   4546.3,   4067.1,   21.7,   208.7 ,   566.0 ,   18.7 ,   15.0 ,   0.0,   1.0,   2.44,   0.187,   1.101,   7.7,   0.0,   0.0,   0.0,   0.167,   1.191,   0.9,   0.0,   0.0,   0.0,   0.194,   1.181,   11.4,   0.0,   0.0,   0.0,   0.179,   0.773,   3.6,   0.0,   0.0,   0.0,  NA,  R2000-NZE-Pilot-Mattamy-Lot2-11_FinalDesign.h2k,  as-found,  rates2016,  NA,  NA,  NA,  NA,  NA,  NA,  NA,  NA,  NA,  NA,  NA,  NA,  NA,  NA,  NA,  NA,  NA,  NA,  NA,  NoPV,  S,  H2KCodeLibFile,  General,  NA,  interlock,  No-Reduction, 
 37, HTAP-work-0, ./gen-choice-files/sim-37.choices,   General,   5000,   81.4 ,   0.0 ,   2472.8   ,   0.0    ,   2472.8 ,   2472.8  ,   0.0  ,   0.0 ,   0.0 ,   0.0 ,   0 ,   86 ,   52.5 ,  52.6 ,  0.0 ,  0.0 ,   0.0 ,   1.7 ,   9.4 ,   22.3 ,   23849.5 ,   0.0  ,   0.0    ,   0.0    ,   0.0    ,   0.0,   2472.8 ,   10226.8,   3648.7,   0.0,   208.7 ,   566.0 ,   70.1 ,   84.6 ,   0.0,   1.0,   2.18,   0.269,   0.638,   7.7,   0.0,   0.0,   0.0,   0.261,   0.627,   3.6,   0.0,   0.0,   0.0,   0.261,   0.627,   7.5,   0.0,   0.0,   0.0,   0.26,   0.626,   0.9,   0.0,   0.0,   0.0,  NA,  R2000-NZE-Pilot-Mattamy-Lot2-12_FinalDesign.h2k,  R2000_NZE_Pilot_Base,  rates2016,  ACH_2_5,  NA,  NBC_Wall_zone7A_HRV,  NA,  NBC_Ceiling_zone7A_HRV,  NBC_FlatCeiling_zone7A,  NBC_FlatCeiling_zone7A,  NBC_BCIN_zone7A_HRV,  NBC_exposed_zone7A,  NBC-zone7A-window,  R2000_test,  NA,  NBC-zone7A-door,  NBC-zone7A-window,  NA,  R2000-HotWater-elec,  NA,  R2000-elec-baseboard,  R2000_HRV,  NoPV,  S,  H2KCodeLibFile,  General,  NA,  interlock,  No-Reduction, 
 38, HTAP-work-1, ./gen-choice-files/sim-38.choices,   General,   5000,   45.7 ,   0.0 ,   1410.34   ,   0.0    ,   1410.34 ,   1410.34  ,   0.0  ,   0.0 ,   0.0 ,   0.0 ,   0 ,   42 ,   14.9 ,  15.0 ,  0.0 ,  0.0 ,   0.0 ,   1.7 ,   9.3 ,   22.3 ,   13392.3 ,   0.0  ,   0.0    ,   0.0    ,   0.0    ,   0.0,   1410.3 ,   4577.5,   3698.3,   0.0,   208.7 ,   566.0 ,   19.9 ,   34.4 ,   0.0,   1.0,   2.17,   0.187,   1.101,   7.7,   0.0,   0.0,   0.0,   0.179,   0.773,   3.6,   0.0,   0.0,   0.0,   0.169,   1.176,   7.5,   0.0,   0.0,   0.0,   0.167,   1.191,   0.9,   0.0,   0.0,   0.0,  NA,  R2000-NZE-Pilot-Mattamy-Lot2-12_FinalDesign.h2k,  R2000_NZE_Pilot_Env,  rates2016,  NA,  NA,  NA,  NA,  NA,  NA,  NA,  NA,  NA,  NA,  R2000_test,  NA,  NA,  NA,  NA,  R2000-HotWater-elec,  NA,  R2000-elec-baseboard,  R2000_HRV,  NoPV,  S,  H2KCodeLibFile,  General,  NA,  interlock,  No-Reduction, 
 39, HTAP-work-2, ./gen-choice-files/sim-39.choices,   General,   5000,   34.6 ,   0.0 ,   1079.87   ,   0.0    ,   1079.87 ,   1079.87  ,   0.0  ,   0.0 ,   0.0 ,   0.0 ,   0 ,   35 ,   5.3 ,  12.6 ,  0.6 ,  0.6 ,   1.0 ,   5.0 ,   2.8 ,   22.3 ,   10139.6 ,   0.0  ,   0.0    ,   0.0    ,   0.0    ,   0.0,   1079.9 ,   4276.8,   3698.3,   0.0,   208.7 ,   566.0 ,   16.7 ,   18.8 ,   0.0,   1.0,   2.21,   0.187,   1.101,   7.7,   0.0,   0.0,   0.0,   0.179,   0.773,   3.6,   0.0,   0.0,   0.0,   0.169,   1.176,   7.5,   0.0,   0.0,   0.0,   0.167,   1.191,   0.9,   0.0,   0.0,   0.0,  NA,  R2000-NZE-Pilot-Mattamy-Lot2-12_FinalDesign.h2k,  R2000_NZE_Pilot_Mech,  rates2016,  NA,  NA,  NA,  NA,  NA,  NA,  NA,  NA,  NA,  NA,  R2000_test,  NA,  NA,  NA,  NA,  NA,  NA,  NA,  NA,  NoPV,  S,  H2KCodeLibFile,  General,  NA,  interlock,  No-Reduction, 
 40, HTAP-work-0, ./gen-choice-files/sim-40.choices,   General,   5000,   0.0 ,   0.0 ,   114.48   ,   497.34    ,   -382.85999999999996 ,   114.48  ,   0.0  ,   0.0 ,   0.0 ,   0.0 ,   15050 ,   36 ,   5.1 ,  11.8 ,  0.6 ,  0.6 ,   1.0 ,   5.0 ,   2.8 ,   22.3 ,   0.0 ,   0.0  ,   0.0    ,   0.0    ,   0.0    ,   0.0,   -382.9 ,   4276.8,   3698.3,   21.7,   208.7 ,   566.0 ,   15.8 ,   18.5 ,   0.0,   1.0,   2.23,   0.187,   1.101,   7.7,   0.0,   0.0,   0.0,   0.179,   0.773,   3.6,   0.0,   0.0,   0.0,   0.169,   1.176,   7.5,   0.0,   0.0,   0.0,   0.167,   1.191,   0.9,   0.0,   0.0,   0.0,  NA,  R2000-NZE-Pilot-Mattamy-Lot2-12_FinalDesign.h2k,  as-found,  rates2016,  NA,  NA,  NA,  NA,  NA,  NA,  NA,  NA,  NA,  NA,  NA,  NA,  NA,  NA,  NA,  NA,  NA,  NA,  NA,  NoPV,  S,  H2KCodeLibFile,  General,  NA,  interlock,  No-Reduction, 
 41, HTAP-work-1, ./gen-choice-files/sim-41.choices,   General,   5000,   81.3 ,   0.0 ,   2470.11   ,   0.0    ,   2470.11 ,   2470.11  ,   0.0  ,   0.0 ,   0.0 ,   0.0 ,   0 ,   84 ,   49.8 ,  49.9 ,  0.0 ,  0.0 ,   0.0 ,   1.7 ,   11.9 ,   22.3 ,   23823.1 ,   0.0  ,   0.0    ,   0.0    ,   0.0    ,   0.0,   2470.1 ,   10093.0,   3802.9,   0.0,   208.7 ,   566.0 ,   66.5 ,   84.4 ,   0.0,   1.0,   1.86,   0.269,   0.638,   7.7,   0.0,   0.0,   0.0,   0.261,   0.627,   3.6,   0.0,   0.0,   0.0,   0.268,   0.637,   9.3,   0.0,   0.0,   0.0,   0.26,   0.626,   0.9,   0.0,   0.0,   0.0,  NA,  R2000-NZE-Pilot-Mattamy-Lot2-13_FinalDesign.h2k,  R2000_NZE_Pilot_Base,  rates2016,  ACH_2_5,  NA,  NBC_Wall_zone7A_HRV,  NA,  NBC_Ceiling_zone7A_HRV,  NBC_FlatCeiling_zone7A,  NBC_FlatCeiling_zone7A,  NBC_BCIN_zone7A_HRV,  NBC_exposed_zone7A,  NBC-zone7A-window,  R2000_test,  NA,  NBC-zone7A-door,  NBC-zone7A-window,  NA,  R2000-HotWater-elec,  NA,  R2000-elec-baseboard,  R2000_HRV,  NoPV,  S,  H2KCodeLibFile,  General,  NA,  interlock,  No-Reduction, 
 42, HTAP-work-2, ./gen-choice-files/sim-42.choices,   General,   5000,   48.8 ,   0.0 ,   1502.08   ,   0.0    ,   1502.08 ,   1502.08  ,   0.0  ,   0.0 ,   0.0 ,   0.0 ,   0 ,   42 ,   15.6 ,  15.6 ,  0.0 ,  0.0 ,   0.0 ,   1.7 ,   11.9 ,   22.3 ,   14295.3 ,   0.0  ,   0.0    ,   0.0    ,   0.0    ,   0.0,   1502.1 ,   4721.3,   3861.9,   0.0,   208.7 ,   566.0 ,   20.8 ,   38.8 ,   0.0,   1.0,   1.99,   0.187,   1.101,   7.7,   0.0,   0.0,   0.0,   0.179,   0.773,   3.6,   0.0,   0.0,   0.0,   0.188,   1.178,   9.3,   0.0,   0.0,   0.0,   0.167,   1.191,   0.9,   0.0,   0.0,   0.0,  NA,  R2000-NZE-Pilot-Mattamy-Lot2-13_FinalDesign.h2k,  R2000_NZE_Pilot_Env,  rates2016,  NA,  NA,  NA,  NA,  NA,  NA,  NA,  NA,  NA,  NA,  R2000_test,  NA,  NA,  NA,  NA,  R2000-HotWater-elec,  NA,  R2000-elec-baseboard,  R2000_HRV,  NoPV,  S,  H2KCodeLibFile,  General,  NA,  interlock,  No-Reduction, 
 43, HTAP-work-0, ./gen-choice-files/sim-43.choices,   General,   5000,   32.7 ,   0.0 ,   1022.4   ,   0.0    ,   1022.4 ,   1022.4  ,   0.0  ,   0.0 ,   0.0 ,   0.0 ,   0 ,   37 ,   5.8 ,  13.9 ,  0.6 ,  0.6 ,   1.0 ,   1.7 ,   3.7 ,   22.3 ,   9574.0 ,   0.0  ,   0.0    ,   0.0    ,   0.0    ,   0.0,   1022.4 ,   4490.6,   3861.9,   0.0,   208.7 ,   566.0 ,   18.5 ,   16.1 ,   0.0,   1.0,   1.98,   0.187,   1.101,   7.7,   0.0,   0.0,   0.0,   0.179,   0.773,   3.6,   0.0,   0.0,   0.0,   0.188,   1.178,   9.3,   0.0,   0.0,   0.0,   0.167,   1.191,   0.9,   0.0,   0.0,   0.0,  NA,  R2000-NZE-Pilot-Mattamy-Lot2-13_FinalDesign.h2k,  R2000_NZE_Pilot_Mech,  rates2016,  NA,  NA,  NA,  NA,  NA,  NA,  NA,  NA,  NA,  NA,  R2000_test,  NA,  NA,  NA,  NA,  NA,  NA,  NA,  NA,  NoPV,  S,  H2KCodeLibFile,  General,  NA,  interlock,  No-Reduction, 
 44, HTAP-work-1, ./gen-choice-files/sim-44.choices,   General,   5000,   0.0 ,   0.0 ,   114.48   ,   554.34    ,   -439.86 ,   114.48  ,   0.0  ,   0.0 ,   0.0 ,   0.0 ,   15050 ,   38 ,   5.5 ,  13.2 ,  0.6 ,  0.6 ,   1.0 ,   1.7 ,   3.7 ,   22.3 ,   0.0 ,   0.0  ,   0.0    ,   0.0    ,   0.0    ,   0.0,   -439.9 ,   4490.6,   3861.9,   21.7,   208.7 ,   566.0 ,   17.5 ,   15.7 ,   0.0,   1.0,   2.04,   0.187,   1.101,   7.7,   0.0,   0.0,   0.0,   0.179,   0.773,   3.6,   0.0,   0.0,   0.0,   0.188,   1.178,   9.3,   0.0,   0.0,   0.0,   0.167,   1.191,   0.9,   0.0,   0.0,   0.0,  NA,  R2000-NZE-Pilot-Mattamy-Lot2-13_FinalDesign.h2k,  as-found,  rates2016,  NA,  NA,  NA,  NA,  NA,  NA,  NA,  NA,  NA,  NA,  NA,  NA,  NA,  NA,  NA,  NA,  NA,  NA,  NA,  NoPV,  S,  H2KCodeLibFile,  General,  NA,  interlock,  No-Reduction, 
 45, HTAP-work-2, ./gen-choice-files/sim-45.choices,   General,   4500,   71.0 ,   0.0 ,   0.0   ,   0.0    ,   0.0 ,   0.0  ,   0.0  ,   0.0 ,   0.0 ,   0.0 ,   0 ,   69 ,   41.9 ,  42.1 ,  0.0 ,  0.0 ,   0.0 ,   0.3 ,   7.6 ,   21.2 ,   19723.1 ,   0.0  ,   0.0    ,   0.0    ,   0.0    ,   0.0,   0.0 ,   7901.2,   6120.5,   0.0,   210.9 ,   533.8 ,   55.4 ,   65.6 ,   0.0,   1.0,   2.28,   0.0,   0.0,   0.0,   0.265,   0.632,   9.6,   0.0,   0.0,   0.0,   0.258,   0.623,   5.1,   0.0,   0.0,   0.0,   0.255,   0.618,   5.8,   0.0,   0.0,   0.0,   0.0,   0.0,   0.0,  NA,  R2000-NZE-Pilot-Minto-attached-27A.h2k,  R2000_NZE_Pilot_Base,  rates2016,  ACH_2_5,  NA,  NBC_Wall_zone6_HRV,  NA,  NBC_Ceiling_zone6,  NBC_FlatCeiling_zone6,  NBC_FlatCeiling_zone6,  NBC_BCIN_zone6_HRV,  NBC_exposed_zone6,  NBC-zone6-window,  R2000_test,  NA,  NBC-zone6-door,  NBC-zone6-window,  NA,  R2000-HotWater-elec,  NA,  R2000-elec-baseboard,  R2000_HRV,  NoPV,  S,  H2KCodeLibFile,  General,  NA,  interlock,  No-Reduction, 
 46, HTAP-work-0, ./gen-choice-files/sim-46.choices,   General,   4500,   48.6 ,   0.0 ,   0.0   ,   0.0    ,   0.0 ,   0.0  ,   0.0  ,   0.0 ,   0.0 ,   0.0 ,   0 ,   45 ,   19.6 ,  19.6 ,  0.0 ,  0.0 ,   0.0 ,   0.3 ,   7.6 ,   21.2 ,   13511.3 ,   0.0  ,   0.0    ,   0.0    ,   0.0    ,   0.0,   0.0 ,   5182.3,   6211.1,   0.0,   210.9 ,   533.8 ,   25.9 ,   36.2 ,   0.0,   1.0,   2.36,   0.0,   0.0,   0.0,   0.383,   0.809,   9.6,   0.0,   0.0,   0.0,   0.335,   1.056,   5.1,   0.0,   0.0,   0.0,   0.416,   0.722,   5.8,   0.0,   0.0,   0.0,   0.0,   0.0,   0.0,  NA,  R2000-NZE-Pilot-Minto-attached-27A.h2k,  R2000_NZE_Pilot_Env,  rates2016,  NA,  NA,  NA,  NA,  NA,  NA,  NA,  NA,  NA,  NA,  R2000_test,  NA,  NA,  NA,  NA,  R2000-HotWater-elec,  NA,  R2000-elec-baseboard,  R2000_HRV,  NoPV,  S,  H2KCodeLibFile,  General,  NA,  interlock,  No-Reduction, 
 47, HTAP-work-1, ./gen-choice-files/sim-47.choices,   General,   4500,   33.5 ,   0.0 ,   0.0   ,   0.0    ,   0.0 ,   0.0  ,   0.0  ,   0.0 ,   0.0 ,   0.0 ,   0 ,   42 ,   8.0 ,  18.3 ,  2.4 ,  1.6 ,   1.5 ,   0.3 ,   2.5 ,   21.2 ,   9319.3 ,   0.0  ,   0.0    ,   0.0    ,   0.0    ,   0.0,   0.0 ,   5064.8,   6211.1,   0.0,   210.9 ,   533.8 ,   24.1 ,   16.2 ,   0.0,   1.0,   2.38,   0.0,   0.0,   0.0,   0.383,   0.809,   9.6,   0.0,   0.0,   0.0,   0.335,   1.056,   5.1,   0.0,   0.0,   0.0,   0.416,   0.722,   5.8,   0.0,   0.0,   0.0,   0.0,   0.0,   0.0,  NA,  R2000-NZE-Pilot-Minto-attached-27A.h2k,  R2000_NZE_Pilot_Mech,  rates2016,  NA,  NA,  NA,  NA,  NA,  NA,  NA,  NA,  NA,  NA,  R2000_test,  NA,  NA,  NA,  NA,  NA,  NA,  NA,  NA,  NoPV,  S,  H2KCodeLibFile,  General,  NA,  interlock,  No-Reduction, 
 48, HTAP-work-2, ./gen-choice-files/sim-48.choices,   General,   4500,   0.0 ,   0.0 ,   0.0   ,   173.64    ,   -173.64 ,   0.0  ,   0.0  ,   0.0 ,   0.0 ,   0.0 ,   11030 ,   42 ,   7.9 ,  18.0 ,  2.4 ,  1.6 ,   1.5 ,   0.3 ,   2.5 ,   21.2 ,   0.0 ,   0.0  ,   0.0    ,   0.0    ,   0.0    ,   0.0,   -173.6 ,   5064.8,   6211.1,   15.4,   210.9 ,   533.8 ,   23.7 ,   16.1 ,   0.0,   1.0,   2.58,   0.0,   0.0,   0.0,   0.383,   0.809,   9.6,   0.0,   0.0,   0.0,   0.335,   1.056,   5.1,   0.0,   0.0,   0.0,   0.416,   0.722,   5.8,   0.0,   0.0,   0.0,   0.0,   0.0,   0.0,  NA,  R2000-NZE-Pilot-Minto-attached-27A.h2k,  as-found,  rates2016,  NA,  NA,  NA,  NA,  NA,  NA,  NA,  NA,  NA,  NA,  NA,  NA,  NA,  NA,  NA,  NA,  NA,  NA,  NA,  NoPV,  S,  H2KCodeLibFile,  General,  NA,  interlock,  No-Reduction, 
 49, HTAP-work-0, ./gen-choice-files/sim-49.choices,   General,   4500,   54.4 ,   0.0 ,   0.0   ,   0.0    ,   0.0 ,   0.0  ,   0.0  ,   0.0 ,   0.0 ,   0.0 ,   0 ,   49 ,   24.9 ,  25.0 ,  0.0 ,  0.0 ,   0.0 ,   0.3 ,   7.6 ,   21.5 ,   15113.1 ,   0.0  ,   0.0    ,   0.0    ,   0.0    ,   0.0,   0.0 ,   5742.7,   5549.8,   0.0,   187.6 ,   481.4 ,   37.0 ,   48.6 ,   0.0,   1.0,   2.1,   0.0,   0.0,   0.0,   0.264,   0.631,   11.2,   0.0,   0.0,   0.0,   0.0,   0.0,   0.0,   0.0,   0.0,   0.0,   0.255,   0.618,   5.2,   0.0,   0.0,   0.0,   0.0,   0.0,   0.0,  NA,  R2000-NZE-Pilot-Minto-attached-27B.h2k,  R2000_NZE_Pilot_Base,  rates2016,  ACH_2_5,  NA,  NBC_Wall_zone6_HRV,  NA,  NBC_Ceiling_zone6,  NBC_FlatCeiling_zone6,  NBC_FlatCeiling_zone6,  NBC_BCIN_zone6_HRV,  NBC_exposed_zone6,  NBC-zone6-window,  R2000_test,  NA,  NBC-zone6-door,  NBC-zone6-window,  NA,  R2000-HotWater-elec,  NA,  R2000-elec-baseboard,  R2000_HRV,  NoPV,  S,  H2KCodeLibFile,  General,  NA,  interlock,  No-Reduction, 
 50, HTAP-work-1, ./gen-choice-files/sim-50.choices,   General,   4500,   39.2 ,   0.0 ,   0.0   ,   0.0    ,   0.0 ,   0.0  ,   0.0  ,   0.0 ,   0.0 ,   0.0 ,   0 ,   32 ,   9.7 ,  9.8 ,  0.0 ,  0.0 ,   0.0 ,   0.3 ,   7.6 ,   21.5 ,   10889.3 ,   0.0  ,   0.0    ,   0.0    ,   0.0    ,   0.0,   0.0 ,   3687.0,   5515.3,   0.0,   187.6 ,   481.4 ,   14.4 ,   26.1 ,   0.0,   1.0,   2.18,   0.0,   0.0,   0.0,   0.356,   0.971,   11.2,   0.0,   0.0,   0.0,   0.0,   0.0,   0.0,   0.0,   0.0,   0.0,   0.293,   0.982,   5.2,   0.0,   0.0,   0.0,   0.0,   0.0,   0.0,  NA,  R2000-NZE-Pilot-Minto-attached-27B.h2k,  R2000_NZE_Pilot_Env,  rates2016,  NA,  NA,  NA,  NA,  NA,  NA,  NA,  NA,  NA,  NA,  R2000_test,  NA,  NA,  NA,  NA,  R2000-HotWater-elec,  NA,  R2000-elec-baseboard,  R2000_HRV,  NoPV,  S,  H2KCodeLibFile,  General,  NA,  interlock,  No-Reduction, 
 51, HTAP-work-2, ./gen-choice-files/sim-51.choices,   General,   4500,   30.1 ,   0.0 ,   0.0   ,   0.0    ,   0.0 ,   0.0  ,   0.0  ,   0.0 ,   0.0 ,   0.0 ,   0 ,   29 ,   4.0 ,  8.4 ,  2.2 ,  1.3 ,   1.6 ,   0.3 ,   2.5 ,   21.5 ,   8351.8 ,   0.0  ,   0.0    ,   0.0    ,   0.0    ,   0.0,   0.0 ,   3574.9,   5515.3,   0.0,   187.6 ,   481.4 ,   12.5 ,   12.5 ,   0.0,   1.0,   2.18,   0.0,   0.0,   0.0,   0.356,   0.971,   11.2,   0.0,   0.0,   0.0,   0.0,   0.0,   0.0,   0.0,   0.0,   0.0,   0.293,   0.982,   5.2,   0.0,   0.0,   0.0,   0.0,   0.0,   0.0,  NA,  R2000-NZE-Pilot-Minto-attached-27B.h2k,  R2000_NZE_Pilot_Mech,  rates2016,  NA,  NA,  NA,  NA,  NA,  NA,  NA,  NA,  NA,  NA,  R2000_test,  NA,  NA,  NA,  NA,  NA,  NA,  NA,  NA,  NoPV,  S,  H2KCodeLibFile,  General,  NA,  interlock,  No-Reduction, 
 52, HTAP-work-0, ./gen-choice-files/sim-52.choices,   General,   4500,   0.0 ,   0.0 ,   0.0   ,   201.01    ,   -201.01 ,   0.0  ,   0.0  ,   0.0 ,   0.0 ,   0.0 ,   10354 ,   29 ,   3.9 ,  8.3 ,  2.2 ,  1.3 ,   1.6 ,   0.3 ,   2.5 ,   21.5 ,   0.0 ,   0.0  ,   0.0    ,   0.0    ,   0.0    ,   0.0,   -201.0 ,   3574.9,   5515.3,   14.5,   187.6 ,   481.4 ,   12.2 ,   12.5 ,   0.0,   1.0,   2.14,   0.0,   0.0,   0.0,   0.356,   0.971,   11.2,   0.0,   0.0,   0.0,   0.0,   0.0,   0.0,   0.0,   0.0,   0.0,   0.293,   0.982,   5.2,   0.0,   0.0,   0.0,   0.0,   0.0,   0.0,  NA,  R2000-NZE-Pilot-Minto-attached-27B.h2k,  as-found,  rates2016,  NA,  NA,  NA,  NA,  NA,  NA,  NA,  NA,  NA,  NA,  NA,  NA,  NA,  NA,  NA,  NA,  NA,  NA,  NA,  NoPV,  S,  H2KCodeLibFile,  General,  NA,  interlock,  No-Reduction, 
 53, HTAP-work-1, ./gen-choice-files/sim-53.choices,   General,   4500,   52.8 ,   0.0 ,   0.0   ,   0.0    ,   0.0 ,   0.0  ,   0.0  ,   0.0 ,   0.0 ,   0.0 ,   0 ,   47 ,   22.9 ,  23.0 ,  0.0 ,  0.0 ,   0.0 ,   0.3 ,   7.6 ,   21.9 ,   14661.5 ,   0.0  ,   0.0    ,   0.0    ,   0.0    ,   0.0,   0.0 ,   5495.5,   5453.8,   0.0,   178.3 ,   458.9 ,   35.8 ,   48.0 ,   0.0,   1.0,   2.1,   0.0,   0.0,   0.0,   0.264,   0.631,   11.2,   0.0,   0.0,   0.0,   0.0,   0.0,   0.0,   0.0,   0.0,   0.0,   0.255,   0.618,   5.2,   0.0,   0.0,   0.0,   0.0,   0.0,   0.0,  NA,  R2000-NZE-Pilot-Minto-attached-27C.h2k,  R2000_NZE_Pilot_Base,  rates2016,  ACH_2_5,  NA,  NBC_Wall_zone6_HRV,  NA,  NBC_Ceiling_zone6,  NBC_FlatCeiling_zone6,  NBC_FlatCeiling_zone6,  NBC_BCIN_zone6_HRV,  NBC_exposed_zone6,  NBC-zone6-window,  R2000_test,  NA,  NBC-zone6-door,  NBC-zone6-window,  NA,  R2000-HotWater-elec,  NA,  R2000-elec-baseboard,  R2000_HRV,  NoPV,  S,  H2KCodeLibFile,  General,  NA,  interlock,  No-Reduction, 
 54, HTAP-work-2, ./gen-choice-files/sim-54.choices,   General,   4500,   38.8 ,   0.0 ,   0.0   ,   0.0    ,   0.0 ,   0.0  ,   0.0  ,   0.0 ,   0.0 ,   0.0 ,   0 ,   31 ,   8.9 ,  8.9 ,  0.0 ,  0.0 ,   0.0 ,   0.3 ,   7.6 ,   21.9 ,   10770.8 ,   0.0  ,   0.0    ,   0.0    ,   0.0    ,   0.0,   0.0 ,   3587.2,   5428.1,   0.0,   178.3 ,   458.9 ,   13.9 ,   26.2 ,   0.0,   1.0,   2.12,   0.0,   0.0,   0.0,   0.356,   0.971,   11.2,   0.0,   0.0,   0.0,   0.0,   0.0,   0.0,   0.0,   0.0,   0.0,   0.293,   0.982,   5.2,   0.0,   0.0,   0.0,   0.0,   0.0,   0.0,  NA,  R2000-NZE-Pilot-Minto-attached-27C.h2k,  R2000_NZE_Pilot_Env,  rates2016,  NA,  NA,  NA,  NA,  NA,  NA,  NA,  NA,  NA,  NA,  R2000_test,  NA,  NA,  NA,  NA,  R2000-HotWater-elec,  NA,  R2000-elec-baseboard,  R2000_HRV,  NoPV,  S,  H2KCodeLibFile,  General,  NA,  interlock,  No-Reduction, 
 55, HTAP-work-0, ./gen-choice-files/sim-55.choices,   General,   4500,   30.2 ,   0.0 ,   0.0   ,   0.0    ,   0.0 ,   0.0  ,   0.0  ,   0.0 ,   0.0 ,   0.0 ,   0 ,   28 ,   3.7 ,  7.6 ,  2.2 ,  1.3 ,   1.6 ,   0.3 ,   2.5 ,   21.9 ,   8385.2 ,   0.0  ,   0.0    ,   0.0    ,   0.0    ,   0.0,   0.0 ,   3475.0,   5428.1,   0.0,   178.3 ,   458.9 ,   11.8 ,   12.7 ,   0.0,   1.0,   2.18,   0.0,   0.0,   0.0,   0.356,   0.971,   11.2,   0.0,   0.0,   0.0,   0.0,   0.0,   0.0,   0.0,   0.0,   0.0,   0.293,   0.982,   5.2,   0.0,   0.0,   0.0,   0.0,   0.0,   0.0,  NA,  R2000-NZE-Pilot-Minto-attached-27C.h2k,  R2000_NZE_Pilot_Mech,  rates2016,  NA,  NA,  NA,  NA,  NA,  NA,  NA,  NA,  NA,  NA,  R2000_test,  NA,  NA,  NA,  NA,  NA,  NA,  NA,  NA,  NoPV,  S,  H2KCodeLibFile,  General,  NA,  interlock,  No-Reduction, 
 56, HTAP-work-1, ./gen-choice-files/sim-56.choices,   General,   4500,   0.0 ,   0.0 ,   0.0   ,   167.59    ,   -167.59 ,   0.0  ,   0.0  ,   0.0 ,   0.0 ,   0.0 ,   10027 ,   28 ,   3.6 ,  7.4 ,  2.2 ,  1.3 ,   1.6 ,   0.3 ,   2.5 ,   21.9 ,   0.0 ,   0.0  ,   0.0    ,   0.0    ,   0.0    ,   0.0,   -167.6 ,   3475.0,   5428.1,   14.0,   178.3 ,   458.9 ,   11.6 ,   12.5 ,   0.0,   1.0,   2.3,   0.0,   0.0,   0.0,   0.356,   0.971,   11.2,   0.0,   0.0,   0.0,   0.0,   0.0,   0.0,   0.0,   0.0,   0.0,   0.293,   0.982,   5.2,   0.0,   0.0,   0.0,   0.0,   0.0,   0.0,  NA,  R2000-NZE-Pilot-Minto-attached-27C.h2k,  as-found,  rates2016,  NA,  NA,  NA,  NA,  NA,  NA,  NA,  NA,  NA,  NA,  NA,  NA,  NA,  NA,  NA,  NA,  NA,  NA,  NA,  NoPV,  S,  H2KCodeLibFile,  General,  NA,  interlock,  No-Reduction, 
 57, HTAP-work-2, ./gen-choice-files/sim-57.choices,   General,   4500,   71.1 ,   0.0 ,   0.0   ,   0.0    ,   0.0 ,   0.0  ,   0.0  ,   0.0 ,   0.0 ,   0.0 ,   0 ,   75 ,   42.6 ,  42.7 ,  0.0 ,  0.0 ,   0.0 ,   0.3 ,   7.6 ,   20.6 ,   19754.9 ,   0.0  ,   0.0    ,   0.0    ,   0.0    ,   0.0,   0.0 ,   8733.3,   8396.7,   0.0,   225.8 ,   533.8 ,   52.6 ,   62.1 ,   0.0,   1.0,   2.54,   0.0,   0.0,   0.0,   0.264,   0.631,   9.3,   0.0,   0.0,   0.0,   0.0,   0.0,   0.0,   0.0,   0.0,   0.0,   0.258,   0.623,   5.8,   0.0,   0.0,   0.0,   0.26,   0.625,   12.1,  NA,  R2000-NZE-Pilot-Minto-attached-27D.h2k,  R2000_NZE_Pilot_Base,  rates2016,  ACH_2_5,  NA,  NBC_Wall_zone6_HRV,  NA,  NBC_Ceiling_zone6,  NBC_FlatCeiling_zone6,  NBC_FlatCeiling_zone6,  NBC_BCIN_zone6_HRV,  NBC_exposed_zone6,  NBC-zone6-window,  R2000_test,  NA,  NBC-zone6-door,  NBC-zone6-window,  NA,  R2000-HotWater-elec,  NA,  R2000-elec-baseboard,  R2000_HRV,  NoPV,  S,  H2KCodeLibFile,  General,  NA,  interlock,  No-Reduction, 
 58, HTAP-work-0, ./gen-choice-files/sim-58.choices,   General,   4500,   47.2 ,   0.0 ,   0.0   ,   0.0    ,   0.0 ,   0.0  ,   0.0  ,   0.0 ,   0.0 ,   0.0 ,   0 ,   49 ,   18.7 ,  18.8 ,  0.0 ,  0.0 ,   0.0 ,   0.3 ,   7.6 ,   20.6 ,   13116.1 ,   0.0  ,   0.0    ,   0.0    ,   0.0    ,   0.0,   0.0 ,   5858.0,   8591.8,   0.0,   225.8 ,   533.8 ,   23.1 ,   32.7 ,   0.0,   1.0,   2.64,   0.0,   0.0,   0.0,   0.375,   0.795,   9.3,   0.0,   0.0,   0.0,   0.0,   0.0,   0.0,   0.0,   0.0,   0.0,   0.335,   1.05,   5.8,   0.0,   0.0,   0.0,   0.391,   0.789,   12.1,  NA,  R2000-NZE-Pilot-Minto-attached-27D.h2k,  R2000_NZE_Pilot_Env,  rates2016,  NA,  NA,  NA,  NA,  NA,  NA,  NA,  NA,  NA,  NA,  R2000_test,  NA,  NA,  NA,  NA,  R2000-HotWater-elec,  NA,  R2000-elec-baseboard,  R2000_HRV,  NoPV,  S,  H2KCodeLibFile,  General,  NA,  interlock,  No-Reduction, 
 59, HTAP-work-1, ./gen-choice-files/sim-59.choices,   General,   4500,   32.9 ,   0.0 ,   0.0   ,   0.0    ,   0.0 ,   0.0  ,   0.0  ,   0.0 ,   0.0 ,   0.0 ,   0 ,   46 ,   7.8 ,  17.7 ,  2.9 ,  1.7 ,   1.7 ,   0.3 ,   2.5 ,   20.6 ,   9145.6 ,   0.0  ,   0.0    ,   0.0    ,   0.0    ,   0.0,   0.0 ,   5729.6,   8591.8,   0.0,   225.8 ,   533.8 ,   21.7 ,   15.1 ,   0.0,   1.0,   2.63,   0.0,   0.0,   0.0,   0.375,   0.795,   9.3,   0.0,   0.0,   0.0,   0.0,   0.0,   0.0,   0.0,   0.0,   0.0,   0.335,   1.05,   5.8,   0.0,   0.0,   0.0,   0.391,   0.789,   12.1,  NA,  R2000-NZE-Pilot-Minto-attached-27D.h2k,  R2000_NZE_Pilot_Mech,  rates2016,  NA,  NA,  NA,  NA,  NA,  NA,  NA,  NA,  NA,  NA,  R2000_test,  NA,  NA,  NA,  NA,  NA,  NA,  NA,  NA,  NoPV,  S,  H2KCodeLibFile,  General,  NA,  interlock,  No-Reduction, 
 60, HTAP-work-2, ./gen-choice-files/sim-60.choices,   General,   4500,   0.0 ,   0.0 ,   0.0   ,   226.0    ,   -226.0 ,   0.0  ,   0.0  ,   0.0 ,   0.0 ,   0.0 ,   11382 ,   46 ,   7.7 ,  17.4 ,  2.9 ,  1.7 ,   1.7 ,   0.3 ,   2.5 ,   20.6 ,   0.0 ,   0.0  ,   0.0    ,   0.0    ,   0.0    ,   0.0,   -226.0 ,   5729.6,   8591.8,   15.9,   225.8 ,   533.8 ,   21.4 ,   14.9 ,   0.0,   1.0,   2.73,   0.0,   0.0,   0.0,   0.375,   0.795,   9.3,   0.0,   0.0,   0.0,   0.0,   0.0,   0.0,   0.0,   0.0,   0.0,   0.335,   1.05,   5.8,   0.0,   0.0,   0.0,   0.391,   0.789,   12.1,  NA,  R2000-NZE-Pilot-Minto-attached-27D.h2k,  as-found,  rates2016,  NA,  NA,  NA,  NA,  NA,  NA,  NA,  NA,  NA,  NA,  NA,  NA,  NA,  NA,  NA,  NA,  NA,  NA,  NA,  NoPV,  S,  H2KCodeLibFile,  General,  NA,  interlock,  No-Reduction, 
 61, HTAP-work-0, ./gen-choice-files/sim-61.choices,   General,   4500,   118.3 ,   0.0 ,   0.0   ,   0.0    ,   0.0 ,   0.0  ,   0.0  ,   0.0 ,   0.0 ,   0.0 ,   0 ,   119 ,   89.0 ,  89.3 ,  0.0 ,  0.0 ,   0.0 ,   0.6 ,   7.9 ,   20.9 ,   32873.4 ,   0.0  ,   0.0    ,   0.0    ,   0.0    ,   0.0,   0.0 ,   14879.0,   7792.8,   0.0,   277.4 ,   866.8 ,   89.4 ,   97.6 ,   0.0,   1.0,   2.36,   0.0,   0.0,   0.0,   0.264,   0.631,   5.6,   0.0,   0.0,   0.0,   0.264,   0.631,   13.2,   0.0,   0.0,   0.0,   0.0,   0.0,   0.0,   0.0,   0.0,   0.0,   0.257,   0.62,   10.3,  NA,  R2000-NZE-Pilot-Minto-detached_FinalDesign.h2k,  R2000_NZE_Pilot_Base,  rates2016,  ACH_2_5,  NA,  NBC_Wall_zone6_HRV,  NA,  NBC_Ceiling_zone6,  NBC_FlatCeiling_zone6,  NBC_FlatCeiling_zone6,  NBC_BCIN_zone6_HRV,  NBC_exposed_zone6,  NBC-zone6-window,  R2000_test,  NA,  NBC-zone6-door,  NBC-zone6-window,  NA,  R2000-HotWater-elec,  NA,  R2000-elec-baseboard,  R2000_HRV,  NoPV,  S,  H2KCodeLibFile,  General,  NA,  interlock,  No-Reduction, 
 62, HTAP-work-1, ./gen-choice-files/sim-62.choices,   General,   4500,   71.2 ,   0.0 ,   0.0   ,   0.0    ,   0.0 ,   0.0  ,   0.0  ,   0.0 ,   0.0 ,   0.0 ,   0 ,   72 ,   41.8 ,  42.0 ,  0.0 ,  0.0 ,   0.0 ,   0.6 ,   7.9 ,   20.9 ,   19764.6 ,   0.0  ,   0.0    ,   0.0    ,   0.0    ,   0.0,   0.0 ,   8800.9,   7645.7,   0.0,   277.4 ,   866.8 ,   42.0 ,   50.3 ,   0.0,   1.0,   2.47,   0.0,   0.0,   0.0,   0.374,   1.103,   5.6,   0.0,   0.0,   0.0,   0.332,   0.99,   13.2,   0.0,   0.0,   0.0,   0.0,   0.0,   0.0,   0.0,   0.0,   0.0,   0.311,   1.036,   10.3,  NA,  R2000-NZE-Pilot-Minto-detached_FinalDesign.h2k,  R2000_NZE_Pilot_Env,  rates2016,  NA,  NA,  NA,  NA,  NA,  NA,  NA,  NA,  NA,  NA,  R2000_test,  NA,  NA,  NA,  NA,  R2000-HotWater-elec,  NA,  R2000-elec-baseboard,  R2000_HRV,  NoPV,  S,  H2KCodeLibFile,  General,  NA,  interlock,  No-Reduction, 
 63, HTAP-work-2, ./gen-choice-files/sim-63.choices,   General,   4500,   43.3 ,   0.0 ,   0.0   ,   0.0    ,   0.0 ,   0.0  ,   0.0  ,   0.0 ,   0.0 ,   0.0 ,   0 ,   70 ,   16.2 ,  42.4 ,  3.5 ,  1.6 ,   1.9 ,   1.7 ,   2.3 ,   20.9 ,   12025.8 ,   0.0  ,   0.0    ,   0.0    ,   0.0    ,   0.0,   0.0 ,   8632.3,   7645.7,   0.0,   277.4 ,   866.8 ,   42.5 ,   22.2 ,   0.0,   1.0,   2.45,   0.0,   0.0,   0.0,   0.374,   1.103,   5.6,   0.0,   0.0,   0.0,   0.332,   0.99,   13.2,   0.0,   0.0,   0.0,   0.0,   0.0,   0.0,   0.0,   0.0,   0.0,   0.311,   1.036,   10.3,  NA,  R2000-NZE-Pilot-Minto-detached_FinalDesign.h2k,  R2000_NZE_Pilot_Mech,  rates2016,  NA,  NA,  NA,  NA,  NA,  NA,  NA,  NA,  NA,  NA,  R2000_test,  NA,  NA,  NA,  NA,  NA,  NA,  NA,  NA,  NoPV,  S,  H2KCodeLibFile,  General,  NA,  interlock,  No-Reduction, 
 64, HTAP-work-0, ./gen-choice-files/sim-64.choices,   General,   4500,   0.0 ,   0.0 ,   0.0   ,   160.65    ,   -160.65 ,   0.0  ,   0.0  ,   0.0 ,   0.0 ,   0.0 ,   13597 ,   70 ,   16.1 ,  42.0 ,  3.5 ,  1.7 ,   1.9 ,   1.7 ,   2.3 ,   20.9 ,   0.0 ,   0.0  ,   0.0    ,   0.0    ,   0.0    ,   0.0,   -160.6 ,   8632.3,   7645.7,   19.0,   277.4 ,   866.8 ,   42.1 ,   22.1 ,   0.0,   1.0,   2.47,   0.0,   0.0,   0.0,   0.374,   1.103,   5.6,   0.0,   0.0,   0.0,   0.332,   0.99,   13.2,   0.0,   0.0,   0.0,   0.0,   0.0,   0.0,   0.0,   0.0,   0.0,   0.311,   1.036,   10.3,  NA,  R2000-NZE-Pilot-Minto-detached_FinalDesign.h2k,  as-found,  rates2016,  NA,  NA,  NA,  NA,  NA,  NA,  NA,  NA,  NA,  NA,  NA,  NA,  NA,  NA,  NA,  NA,  NA,  NA,  NA,  NoPV,  S,  H2KCodeLibFile,  General,  NA,  interlock,  No-Reduction, 
 65, HTAP-work-1, ./gen-choice-files/sim-65.choices,   General,   3890,   89.5 ,   0.0 ,   1953.79   ,   0.0    ,   1953.79 ,   1953.79  ,   0.0  ,   0.0 ,   0.0 ,   0.0 ,   0 ,   90 ,   59.0 ,  59.1 ,  0.0 ,  0.0 ,   0.0 ,   0.3 ,   7.3 ,   23.0 ,   24853.0 ,   0.0  ,   0.0    ,   0.0    ,   0.0    ,   0.0,   1953.8 ,   11054.8,   5537.2,   0.0,   327.2 ,   897.6 ,   50.2 ,   56.4 ,   0.0,   1.0,   1.88,   0.26,   0.556,   9.9,   0.0,   0.0,   0.0,   0.254,   0.54,   1.4,   0.0,   0.0,   0.0,   0.258,   0.547,   10.6,   0.0,   0.0,   0.0,   0.256,   0.543,   2.8,   0.0,   0.0,   0.0,  NA,  R2000-NZE-Pilot-Sloot.h2k,  R2000_NZE_Pilot_Base,  rates2016,  ACH_2_5,  NA,  NBC_Wall_zone5_HRV,  NA,  NBC_Ceiling_zone5_HRV,  NBC_FlatCeiling_zone5,  NBC_FlatCeiling_zone5,  NBC_BCIN_zone5_HRV,  NBC_exposed_zone5,  NBC-zone5-window,  R2000_test,  NA,  NBC-zone5-door,  NBC-zone5-window,  NA,  R2000-HotWater-elec,  NA,  R2000-elec-baseboard,  R2000_HRV,  NoPV,  S,  H2KCodeLibFile,  General,  NA,  interlock,  No-Reduction, 
 66, HTAP-work-2, ./gen-choice-files/sim-66.choices,   General,   3890,   54.8 ,   0.0 ,   1278.19   ,   0.0    ,   1278.19 ,   1278.19  ,   0.0  ,   0.0 ,   0.0 ,   0.0 ,   0 ,   50 ,   24.4 ,  24.4 ,  0.0 ,  0.0 ,   0.0 ,   0.3 ,   7.2 ,   23.0 ,   15229.2 ,   0.0  ,   0.0    ,   0.0    ,   0.0    ,   0.0,   1278.2 ,   6024.2,   5412.2,   0.0,   327.2 ,   897.6 ,   20.7 ,   27.0 ,   0.0,   1.0,   1.97,   0.229,   0.977,   9.9,   0.0,   0.0,   0.0,   0.203,   0.927,   1.4,   0.0,   0.0,   0.0,   0.222,   0.948,   10.6,   0.0,   0.0,   0.0,   0.208,   0.936,   2.8,   0.0,   0.0,   0.0,  NA,  R2000-NZE-Pilot-Sloot.h2k,  R2000_NZE_Pilot_Env,  rates2016,  NA,  NA,  NA,  NA,  NA,  NA,  NA,  NA,  NA,  NA,  R2000_test,  NA,  NA,  NA,  NA,  R2000-HotWater-elec,  NA,  R2000-elec-baseboard,  R2000_HRV,  NoPV,  S,  H2KCodeLibFile,  General,  NA,  interlock,  No-Reduction, 
 67, HTAP-work-0, ./gen-choice-files/sim-67.choices,   General,   3890,   38.4 ,   0.0 ,   979.39   ,   0.0    ,   979.39 ,   848.85  ,   130.54  ,   0.0 ,   0.0 ,   0.0 ,   0 ,   48 ,   9.0 ,  23.5 ,  2.2 ,  1.5 ,   1.3 ,   0.3 ,   4.7 ,   23.0 ,   9113.2 ,   151.3  ,   0.0    ,   0.0    ,   0.0    ,   0.0,   979.4 ,   5960.0,   5412.2,   0.0,   327.2 ,   897.6 ,   20.0 ,   13.0 ,   0.0,   1.0,   2.11,   0.229,   0.977,   9.9,   0.0,   0.0,   0.0,   0.203,   0.927,   1.4,   0.0,   0.0,   0.0,   0.222,   0.948,   10.6,   0.0,   0.0,   0.0,   0.208,   0.936,   2.8,   0.0,   0.0,   0.0,  NA,  R2000-NZE-Pilot-Sloot.h2k,  R2000_NZE_Pilot_Mech,  rates2016,  NA,  NA,  NA,  NA,  NA,  NA,  NA,  NA,  NA,  NA,  R2000_test,  NA,  NA,  NA,  NA,  NA,  NA,  NA,  NA,  NoPV,  S,  H2KCodeLibFile,  General,  NA,  interlock,  No-Reduction, 
 68, HTAP-work-1, ./gen-choice-files/sim-68.choices,   General,   3890,   5.6 ,   0.0 ,   250.54   ,   305.64    ,   -55.099999999999994 ,   120.0  ,   130.54  ,   0.0 ,   0.0 ,   0.0 ,   12173 ,   48 ,   9.0 ,  23.5 ,  2.2 ,  1.5 ,   1.3 ,   0.3 ,   4.7 ,   23.0 ,   0.0 ,   151.3  ,   0.0    ,   0.0    ,   0.0    ,   0.0,   -55.1 ,   5960.0,   5412.2,   16.7,   327.2 ,   897.6 ,   20.0 ,   13.0 ,   0.0,   1.0,   2.04,   0.229,   0.977,   9.9,   0.0,   0.0,   0.0,   0.203,   0.927,   1.4,   0.0,   0.0,   0.0,   0.222,   0.948,   10.6,   0.0,   0.0,   0.0,   0.208,   0.936,   2.8,   0.0,   0.0,   0.0,  NA,  R2000-NZE-Pilot-Sloot.h2k,  as-found,  rates2016,  NA,  NA,  NA,  NA,  NA,  NA,  NA,  NA,  NA,  NA,  NA,  NA,  NA,  NA,  NA,  NA,  NA,  NA,  NA,  NoPV,  S,  H2KCodeLibFile,  General,  NA,  interlock,  No-Reduction, 
 69, HTAP-work-2, ./gen-choice-files/sim-69.choices,   General,   4500,   43.5 ,   0.0 ,   1805.65   ,   0.0    ,   1805.65 ,   1805.65  ,   0.0  ,   0.0 ,   0.0 ,   0.0 ,   0 ,   37 ,   19.1 ,  19.2 ,  0.0 ,  0.0 ,   0.0 ,   0.3 ,   10.0 ,   14.1 ,   12077.9 ,   0.0  ,   0.0    ,   0.0    ,   0.0    ,   0.0,   1805.7 ,   3534.2,   3039.7,   0.0,   64.6 ,   166.9 ,   82.4 ,   126.5 ,   0.0,   1.0,   1.47,   0.0,   0.0,   0.0,   0.0,   0.0,   0.0,   0.0,   0.0,   0.0,   0.258,   0.622,   3.8,   0.0,   0.0,   0.0,   0.0,   0.0,   0.0,   0.0,   0.0,   0.0,   0.275,   0.647,   3.8,  NA,  R2000-NZE-Pilot-Voyer-L1-Left_FinalDesign.h2k,  R2000_NZE_Pilot_Base,  rates2016,  ACH_2_5,  NA,  NBC_Wall_zone6_HRV,  NA,  NBC_Ceiling_zone6,  NBC_FlatCeiling_zone6,  NBC_FlatCeiling_zone6,  NBC_BCIN_zone6_HRV,  NBC_exposed_zone6,  NBC-zone6-window,  R2000_test,  NA,  NBC-zone6-door,  NBC-zone6-window,  NA,  R2000-HotWater-elec,  NA,  R2000-elec-baseboard,  R2000_HRV,  NoPV,  S,  H2KCodeLibFile,  General,  NA,  interlock,  No-Reduction, 
 70, HTAP-work-0, ./gen-choice-files/sim-70.choices,   General,   4500,   34.7 ,   0.0 ,   1439.93   ,   0.0    ,   1439.93 ,   1439.93  ,   0.0  ,   0.0 ,   0.0 ,   0.0 ,   0 ,   27 ,   10.3 ,  10.3 ,  0.0 ,  0.0 ,   0.0 ,   0.3 ,   10.0 ,   14.1 ,   9631.6 ,   0.0  ,   0.0    ,   0.0    ,   0.0    ,   0.0,   1439.9 ,   2600.7,   3008.1,   0.0,   64.6 ,   166.9 ,   44.5 ,   88.6 ,   0.0,   1.0,   1.75,   0.0,   0.0,   0.0,   0.0,   0.0,   0.0,   0.0,   0.0,   0.0,   0.331,   1.117,   3.8,   0.0,   0.0,   0.0,   0.0,   0.0,   0.0,   0.0,   0.0,   0.0,   0.396,   0.913,   3.8,  NA,  R2000-NZE-Pilot-Voyer-L1-Left_FinalDesign.h2k,  R2000_NZE_Pilot_Env,  rates2016,  NA,  NA,  NA,  NA,  NA,  NA,  NA,  NA,  NA,  NA,  R2000_test,  NA,  NA,  NA,  NA,  R2000-HotWater-elec,  NA,  R2000-elec-baseboard,  R2000_HRV,  NoPV,  S,  H2KCodeLibFile,  General,  NA,  interlock,  No-Reduction, 
 71, HTAP-work-1, ./gen-choice-files/sim-71.choices,   General,   4500,   23.3 ,   0.0 ,   968.62   ,   0.0    ,   968.62 ,   968.62  ,   0.0  ,   0.0 ,   0.0 ,   0.0 ,   0 ,   23 ,   4.2 ,  9.1 ,  1.6 ,  1.3 ,   1.1 ,   0.3 ,   3.6 ,   14.1 ,   6479.1 ,   0.0  ,   0.0    ,   0.0    ,   0.0    ,   0.0,   968.6 ,   2474.4,   3008.1,   0.0,   64.6 ,   166.9 ,   39.3 ,   39.4 ,   0.0,   1.0,   1.54,   0.0,   0.0,   0.0,   0.0,   0.0,   0.0,   0.0,   0.0,   0.0,   0.331,   1.117,   3.8,   0.0,   0.0,   0.0,   0.0,   0.0,   0.0,   0.0,   0.0,   0.0,   0.396,   0.913,   3.8,  NA,  R2000-NZE-Pilot-Voyer-L1-Left_FinalDesign.h2k,  R2000_NZE_Pilot_Mech,  rates2016,  NA,  NA,  NA,  NA,  NA,  NA,  NA,  NA,  NA,  NA,  R2000_test,  NA,  NA,  NA,  NA,  NA,  NA,  NA,  NA,  NoPV,  S,  H2KCodeLibFile,  General,  NA,  interlock,  No-Reduction, 
 72, HTAP-work-2, ./gen-choice-files/sim-72.choices,   General,   4500,   0.0 ,   0.0 ,   0.0   ,   56.97    ,   -56.97 ,   0.0  ,   0.0  ,   0.0 ,   0.0 ,   0.0 ,   7031 ,   23 ,   4.0 ,  8.7 ,  1.9 ,  1.5 ,   1.2 ,   0.3 ,   3.6 ,   14.1 ,   0.0 ,   0.0  ,   0.0    ,   0.0    ,   0.0    ,   0.0,   -57.0 ,   2474.4,   3008.1,   10.0,   64.6 ,   166.9 ,   37.4 ,   39.0 ,   0.0,   1.0,   1.54,   0.0,   0.0,   0.0,   0.0,   0.0,   0.0,   0.0,   0.0,   0.0,   0.331,   1.117,   3.8,   0.0,   0.0,   0.0,   0.0,   0.0,   0.0,   0.0,   0.0,   0.0,   0.396,   0.913,   3.8,  NA,  R2000-NZE-Pilot-Voyer-L1-Left_FinalDesign.h2k,  as-found,  rates2016,  NA,  NA,  NA,  NA,  NA,  NA,  NA,  NA,  NA,  NA,  NA,  NA,  NA,  NA,  NA,  NA,  NA,  NA,  NA,  NoPV,  S,  H2KCodeLibFile,  General,  NA,  interlock,  No-Reduction, 
 73, HTAP-work-0, ./gen-choice-files/sim-73.choices,   General,   4500,   43.4 ,   0.0 ,   1803.84   ,   0.0    ,   1803.84 ,   1803.84  ,   0.0  ,   0.0 ,   0.0 ,   0.0 ,   0 ,   37 ,   19.1 ,  19.1 ,  0.0 ,  0.0 ,   0.0 ,   0.3 ,   10.0 ,   14.1 ,   12065.8 ,   0.0  ,   0.0    ,   0.0    ,   0.0    ,   0.0,   1803.8 ,   3530.2,   3039.7,   0.0,   64.6 ,   166.9 ,   82.3 ,   126.3 ,   0.0,   1.0,   1.49,   0.0,   0.0,   0.0,   0.0,   0.0,   0.0,   0.0,   0.0,   0.0,   0.258,   0.622,   3.8,   0.0,   0.0,   0.0,   0.0,   0.0,   0.0,   0.0,   0.0,   0.0,   0.275,   0.647,   3.8,  NA,  R2000-NZE-Pilot-Voyer-L1-Right_FinalDesign.h2k,  R2000_NZE_Pilot_Base,  rates2016,  ACH_2_5,  NA,  NBC_Wall_zone6_HRV,  NA,  NBC_Ceiling_zone6,  NBC_FlatCeiling_zone6,  NBC_FlatCeiling_zone6,  NBC_BCIN_zone6_HRV,  NBC_exposed_zone6,  NBC-zone6-window,  R2000_test,  NA,  NBC-zone6-door,  NBC-zone6-window,  NA,  R2000-HotWater-elec,  NA,  R2000-elec-baseboard,  R2000_HRV,  NoPV,  S,  H2KCodeLibFile,  General,  NA,  interlock,  No-Reduction, 
 74, HTAP-work-1, ./gen-choice-files/sim-74.choices,   General,   4500,   35.0 ,   0.0 ,   1454.03   ,   0.0    ,   1454.03 ,   1454.03  ,   0.0  ,   0.0 ,   0.0 ,   0.0 ,   0 ,   28 ,   10.6 ,  10.7 ,  0.0 ,  0.0 ,   0.0 ,   0.3 ,   10.0 ,   14.1 ,   9725.9 ,   0.0  ,   0.0    ,   0.0    ,   0.0    ,   0.0,   1454.0 ,   2661.7,   3008.0,   0.0,   64.6 ,   166.9 ,   45.9 ,   90.1 ,   0.0,   1.0,   1.54,   0.0,   0.0,   0.0,   0.0,   0.0,   0.0,   0.0,   0.0,   0.0,   0.331,   1.117,   3.8,   0.0,   0.0,   0.0,   0.0,   0.0,   0.0,   0.0,   0.0,   0.0,   0.396,   0.913,   3.8,  NA,  R2000-NZE-Pilot-Voyer-L1-Right_FinalDesign.h2k,  R2000_NZE_Pilot_Env,  rates2016,  NA,  NA,  NA,  NA,  NA,  NA,  NA,  NA,  NA,  NA,  R2000_test,  NA,  NA,  NA,  NA,  R2000-HotWater-elec,  NA,  R2000-elec-baseboard,  R2000_HRV,  NoPV,  S,  H2KCodeLibFile,  General,  NA,  interlock,  No-Reduction, 
 75, HTAP-work-2, ./gen-choice-files/sim-75.choices,   General,   4500,   23.4 ,   0.0 ,   972.48   ,   0.0    ,   972.48 ,   972.48  ,   0.0  ,   0.0 ,   0.0 ,   0.0 ,   0 ,   24 ,   4.3 ,  9.5 ,  1.6 ,  1.3 ,   1.1 ,   0.3 ,   3.6 ,   14.1 ,   6504.9 ,   0.0  ,   0.0    ,   0.0    ,   0.0    ,   0.0,   972.5 ,   2535.4,   3008.0,   0.0,   64.6 ,   166.9 ,   40.7 ,   39.8 ,   0.0,   1.0,   1.59,   0.0,   0.0,   0.0,   0.0,   0.0,   0.0,   0.0,   0.0,   0.0,   0.331,   1.117,   3.8,   0.0,   0.0,   0.0,   0.0,   0.0,   0.0,   0.0,   0.0,   0.0,   0.396,   0.913,   3.8,  NA,  R2000-NZE-Pilot-Voyer-L1-Right_FinalDesign.h2k,  R2000_NZE_Pilot_Mech,  rates2016,  NA,  NA,  NA,  NA,  NA,  NA,  NA,  NA,  NA,  NA,  R2000_test,  NA,  NA,  NA,  NA,  NA,  NA,  NA,  NA,  NoPV,  S,  H2KCodeLibFile,  General,  NA,  interlock,  No-Reduction, 
 76, HTAP-work-0, ./gen-choice-files/sim-76.choices,   General,   4500,   0.0 ,   0.0 ,   0.0   ,   53.89    ,   -53.89 ,   0.0  ,   0.0  ,   0.0 ,   0.0 ,   0.0 ,   7031 ,   24 ,   4.2 ,  9.0 ,  1.9 ,  1.5 ,   1.2 ,   0.3 ,   3.6 ,   14.1 ,   0.0 ,   0.0  ,   0.0    ,   0.0    ,   0.0    ,   0.0,   -53.9 ,   2535.4,   3008.0,   10.0,   64.6 ,   166.9 ,   38.8 ,   39.5 ,   0.0,   1.0,   1.52,   0.0,   0.0,   0.0,   0.0,   0.0,   0.0,   0.0,   0.0,   0.0,   0.331,   1.117,   3.8,   0.0,   0.0,   0.0,   0.0,   0.0,   0.0,   0.0,   0.0,   0.0,   0.396,   0.913,   3.8,  NA,  R2000-NZE-Pilot-Voyer-L1-Right_FinalDesign.h2k,  as-found,  rates2016,  NA,  NA,  NA,  NA,  NA,  NA,  NA,  NA,  NA,  NA,  NA,  NA,  NA,  NA,  NA,  NA,  NA,  NA,  NA,  NoPV,  S,  H2KCodeLibFile,  General,  NA,  interlock,  No-Reduction, 
 77, HTAP-work-1, ./gen-choice-files/sim-77.choices,   General,   4500,   42.6 ,   0.0 ,   1768.48   ,   0.0    ,   1768.48 ,   1768.48  ,   0.0  ,   0.0 ,   0.0 ,   0.0 ,   0 ,   38 ,   18.9 ,  18.9 ,  0.0 ,  0.0 ,   0.0 ,   0.3 ,   9.4 ,   14.1 ,   11829.3 ,   0.0  ,   0.0    ,   0.0    ,   0.0    ,   0.0,   1768.5 ,   4383.8,   4934.2,   0.0,   102.6 ,   297.7 ,   51.2 ,   77.3 ,   0.0,   1.0,   1.65,   0.0,   0.0,   0.0,   0.272,   0.643,   4.8,   0.0,   0.0,   0.0,   0.272,   0.643,   4.8,   0.0,   0.0,   0.0,   0.0,   0.0,   0.0,   0.0,   0.0,   0.0,   0.273,   0.645,   6.1,  NA,  R2000-NZE-Pilot-Voyer-L2-Left_FinalDesign.h2k,  R2000_NZE_Pilot_Base,  rates2016,  ACH_2_5,  NA,  NBC_Wall_zone6_HRV,  NA,  NBC_Ceiling_zone6,  NBC_FlatCeiling_zone6,  NBC_FlatCeiling_zone6,  NBC_BCIN_zone6_HRV,  NBC_exposed_zone6,  NBC-zone6-window,  R2000_test,  NA,  NBC-zone6-door,  NBC-zone6-window,  NA,  R2000-HotWater-elec,  NA,  R2000-elec-baseboard,  R2000_HRV,  NoPV,  S,  H2KCodeLibFile,  General,  NA,  interlock,  No-Reduction, 
 78, HTAP-work-2, ./gen-choice-files/sim-78.choices,   General,   4500,   29.1 ,   0.0 ,   1207.84   ,   0.0    ,   1207.84 ,   1207.84  ,   0.0  ,   0.0 ,   0.0 ,   0.0 ,   0 ,   24 ,   5.4 ,  5.4 ,  0.0 ,  0.0 ,   0.0 ,   0.3 ,   9.4 ,   14.1 ,   8079.2 ,   0.0  ,   0.0    ,   0.0    ,   0.0    ,   0.0,   1207.8 ,   2637.8,   4863.5,   0.0,   102.6 ,   297.7 ,   14.6 ,   40.7 ,   0.0,   1.0,   1.78,   0.0,   0.0,   0.0,   0.425,   1.19,   4.8,   0.0,   0.0,   0.0,   0.425,   1.19,   4.8,   0.0,   0.0,   0.0,   0.0,   0.0,   0.0,   0.0,   0.0,   0.0,   0.407,   1.003,   6.1,  NA,  R2000-NZE-Pilot-Voyer-L2-Left_FinalDesign.h2k,  R2000_NZE_Pilot_Env,  rates2016,  NA,  NA,  NA,  NA,  NA,  NA,  NA,  NA,  NA,  NA,  R2000_test,  NA,  NA,  NA,  NA,  R2000-HotWater-elec,  NA,  R2000-elec-baseboard,  R2000_HRV,  NoPV,  S,  H2KCodeLibFile,  General,  NA,  interlock,  No-Reduction, 
 79, HTAP-work-0, ./gen-choice-files/sim-79.choices,   General,   4500,   22.0 ,   0.0 ,   915.15   ,   0.0    ,   915.15 ,   915.15  ,   0.0  ,   0.0 ,   0.0 ,   0.0 ,   0 ,   20 ,   2.6 ,  4.3 ,  2.5 ,  1.4 ,   1.6 ,   0.3 ,   3.4 ,   14.1 ,   6121.4 ,   0.0  ,   0.0    ,   0.0    ,   0.0    ,   0.0,   915.2 ,   2495.7,   4863.5,   0.0,   102.6 ,   297.7 ,   11.6 ,   21.2 ,   0.0,   1.0,   1.77,   0.0,   0.0,   0.0,   0.425,   1.19,   4.8,   0.0,   0.0,   0.0,   0.425,   1.19,   4.8,   0.0,   0.0,   0.0,   0.0,   0.0,   0.0,   0.0,   0.0,   0.0,   0.407,   1.003,   6.1,  NA,  R2000-NZE-Pilot-Voyer-L2-Left_FinalDesign.h2k,  R2000_NZE_Pilot_Mech,  rates2016,  NA,  NA,  NA,  NA,  NA,  NA,  NA,  NA,  NA,  NA,  R2000_test,  NA,  NA,  NA,  NA,  NA,  NA,  NA,  NA,  NoPV,  S,  H2KCodeLibFile,  General,  NA,  interlock,  No-Reduction, 
 80, HTAP-work-1, ./gen-choice-files/sim-80.choices,   General,   4500,   0.0 ,   0.0 ,   0.0   ,   46.64    ,   -46.64 ,   0.0  ,   0.0  ,   0.0 ,   0.0 ,   0.0 ,   6573 ,   20 ,   2.5 ,  4.1 ,  2.6 ,  1.4 ,   1.6 ,   0.3 ,   3.4 ,   14.1 ,   0.0 ,   0.0  ,   0.0    ,   0.0    ,   0.0    ,   0.0,   -46.6 ,   2495.7,   4863.5,   9.4,   102.6 ,   297.7 ,   11.0 ,   21.0 ,   0.0,   1.0,   1.73,   0.0,   0.0,   0.0,   0.425,   1.19,   4.8,   0.0,   0.0,   0.0,   0.425,   1.19,   4.8,   0.0,   0.0,   0.0,   0.0,   0.0,   0.0,   0.0,   0.0,   0.0,   0.407,   1.003,   6.1,  NA,  R2000-NZE-Pilot-Voyer-L2-Left_FinalDesign.h2k,  as-found,  rates2016,  NA,  NA,  NA,  NA,  NA,  NA,  NA,  NA,  NA,  NA,  NA,  NA,  NA,  NA,  NA,  NA,  NA,  NA,  NA,  NoPV,  S,  H2KCodeLibFile,  General,  NA,  interlock,  No-Reduction, 
 81, HTAP-work-2, ./gen-choice-files/sim-81.choices,   General,   4500,   44.1 ,   0.0 ,   1829.69   ,   0.0    ,   1829.69 ,   1829.69  ,   0.0  ,   0.0 ,   0.0 ,   0.0 ,   0 ,   38 ,   20.3 ,  20.4 ,  0.0 ,  0.0 ,   0.0 ,   0.3 ,   9.4 ,   14.1 ,   12238.7 ,   0.0  ,   0.0    ,   0.0    ,   0.0    ,   0.0,   1829.7 ,   4377.9,   4402.9,   0.0,   103.7 ,   297.7 ,   54.6 ,   80.4 ,   0.0,   1.0,   1.73,   0.0,   0.0,   0.0,   0.0,   0.0,   0.0,   0.0,   0.0,   0.0,   0.272,   0.643,   4.8,   0.0,   0.0,   0.0,   0.272,   0.643,   4.8,   0.0,   0.0,   0.0,   0.273,   0.645,   6.1,  NA,  R2000-NZE-Pilot-Voyer-L2-Right_FinalDesign.h2k,  R2000_NZE_Pilot_Base,  rates2016,  ACH_2_5,  NA,  NBC_Wall_zone6_HRV,  NA,  NBC_Ceiling_zone6,  NBC_FlatCeiling_zone6,  NBC_FlatCeiling_zone6,  NBC_BCIN_zone6_HRV,  NBC_exposed_zone6,  NBC-zone6-window,  R2000_test,  NA,  NBC-zone6-door,  NBC-zone6-window,  NA,  R2000-HotWater-elec,  NA,  R2000-elec-baseboard,  R2000_HRV,  NoPV,  S,  H2KCodeLibFile,  General,  NA,  interlock,  No-Reduction, 
 82, HTAP-work-0, ./gen-choice-files/sim-82.choices,   General,   4500,   31.8 ,   0.0 ,   1320.52   ,   0.0    ,   1320.52 ,   1320.52  ,   0.0  ,   0.0 ,   0.0 ,   0.0 ,   0 ,   26 ,   8.1 ,  8.1 ,  0.0 ,  0.0 ,   0.0 ,   0.3 ,   9.4 ,   14.1 ,   8832.9 ,   0.0  ,   0.0    ,   0.0    ,   0.0    ,   0.0,   1320.5 ,   2935.4,   4332.2,   0.0,   103.7 ,   297.7 ,   21.7 ,   47.5 ,   0.0,   1.0,   1.88,   0.0,   0.0,   0.0,   0.0,   0.0,   0.0,   0.0,   0.0,   0.0,   0.425,   1.19,   4.8,   0.0,   0.0,   0.0,   0.425,   1.19,   4.8,   0.0,   0.0,   0.0,   0.407,   1.003,   6.1,  NA,  R2000-NZE-Pilot-Voyer-L2-Right_FinalDesign.h2k,  R2000_NZE_Pilot_Env,  rates2016,  NA,  NA,  NA,  NA,  NA,  NA,  NA,  NA,  NA,  NA,  R2000_test,  NA,  NA,  NA,  NA,  R2000-HotWater-elec,  NA,  R2000-elec-baseboard,  R2000_HRV,  NoPV,  S,  H2KCodeLibFile,  General,  NA,  interlock,  No-Reduction, 
 83, HTAP-work-1, ./gen-choice-files/sim-83.choices,   General,   4500,   23.1 ,   0.0 ,   958.01   ,   0.0    ,   958.01 ,   958.01  ,   0.0  ,   0.0 ,   0.0 ,   0.0 ,   0 ,   22 ,   3.8 ,  6.9 ,  2.3 ,  1.5 ,   1.4 ,   0.3 ,   3.4 ,   14.1 ,   6408.1 ,   0.0  ,   0.0    ,   0.0    ,   0.0    ,   0.0,   958.0 ,   2793.3,   4332.2,   0.0,   103.7 ,   297.7 ,   18.5 ,   23.8 ,   0.0,   1.0,   1.85,   0.0,   0.0,   0.0,   0.0,   0.0,   0.0,   0.0,   0.0,   0.0,   0.425,   1.19,   4.8,   0.0,   0.0,   0.0,   0.425,   1.19,   4.8,   0.0,   0.0,   0.0,   0.407,   1.003,   6.1,  NA,  R2000-NZE-Pilot-Voyer-L2-Right_FinalDesign.h2k,  R2000_NZE_Pilot_Mech,  rates2016,  NA,  NA,  NA,  NA,  NA,  NA,  NA,  NA,  NA,  NA,  R2000_test,  NA,  NA,  NA,  NA,  NA,  NA,  NA,  NA,  NoPV,  S,  H2KCodeLibFile,  General,  NA,  interlock,  No-Reduction, 
 84, HTAP-work-2, ./gen-choice-files/sim-84.choices,   General,   4500,   0.0 ,   0.0 ,   0.0   ,   48.67    ,   -48.67 ,   0.0  ,   0.0  ,   0.0 ,   0.0 ,   0.0 ,   6870 ,   22 ,   3.7 ,  6.6 ,  2.4 ,  1.5 ,   1.4 ,   0.3 ,   3.4 ,   14.1 ,   0.0 ,   0.0  ,   0.0    ,   0.0    ,   0.0    ,   0.0,   -48.7 ,   2793.3,   4332.2,   9.8,   103.7 ,   297.7 ,   17.6 ,   23.5 ,   0.0,   1.0,   1.95,   0.0,   0.0,   0.0,   0.0,   0.0,   0.0,   0.0,   0.0,   0.0,   0.425,   1.19,   4.8,   0.0,   0.0,   0.0,   0.425,   1.19,   4.8,   0.0,   0.0,   0.0,   0.407,   1.003,   6.1,  NA,  R2000-NZE-Pilot-Voyer-L2-Right_FinalDesign.h2k,  as-found,  rates2016,  NA,  NA,  NA,  NA,  NA,  NA,  NA,  NA,  NA,  NA,  NA,  NA,  NA,  NA,  NA,  NA,  NA,  NA,  NA,  NoPV,  S,  H2KCodeLibFile,  General,  NA,  interlock,  No-Reduction, 
 85, HTAP-work-0, ./gen-choice-files/sim-85.choices,   General,   4500,   44.2 ,   0.0 ,   1835.63   ,   0.0    ,   1835.63 ,   1835.63  ,   0.0  ,   0.0 ,   0.0 ,   0.0 ,   0 ,   40 ,   20.5 ,  20.5 ,  0.0 ,  0.0 ,   0.0 ,   0.3 ,   9.4 ,   14.1 ,   12278.4 ,   0.0  ,   0.0    ,   0.0    ,   0.0    ,   0.0,   1835.6 ,   4523.2,   6143.2,   0.0,   107.2 ,   290.4 ,   53.2 ,   78.1 ,   0.0,   1.0,   1.68,   0.0,   0.0,   0.0,   0.272,   0.643,   4.8,   0.0,   0.0,   0.0,   0.272,   0.643,   7.2,   0.0,   0.0,   0.0,   0.0,   0.0,   0.0,   0.0,   0.0,   0.0,   0.273,   0.645,   6.1,  NA,  R2000-NZE-Pilot-Voyer-L3-Left_FinalDesign.h2k,  R2000_NZE_Pilot_Base,  rates2016,  ACH_2_5,  NA,  NBC_Wall_zone6_HRV,  NA,  NBC_Ceiling_zone6,  NBC_FlatCeiling_zone6,  NBC_FlatCeiling_zone6,  NBC_BCIN_zone6_HRV,  NBC_exposed_zone6,  NBC-zone6-window,  R2000_test,  NA,  NBC-zone6-door,  NBC-zone6-window,  NA,  R2000-HotWater-elec,  NA,  R2000-elec-baseboard,  R2000_HRV,  NoPV,  S,  H2KCodeLibFile,  General,  NA,  interlock,  No-Reduction, 
 86, HTAP-work-1, ./gen-choice-files/sim-86.choices,   General,   4500,   31.2 ,   0.0 ,   1293.73   ,   0.0    ,   1293.73 ,   1293.73  ,   0.0  ,   0.0 ,   0.0 ,   0.0 ,   0 ,   27 ,   7.4 ,  7.4 ,  0.0 ,  0.0 ,   0.0 ,   0.3 ,   9.4 ,   14.1 ,   8653.7 ,   0.0  ,   0.0    ,   0.0    ,   0.0    ,   0.0,   1293.7 ,   2958.5,   6047.2,   0.0,   107.2 ,   290.4 ,   19.3 ,   44.3 ,   0.0,   1.0,   1.8,   0.0,   0.0,   0.0,   0.425,   1.19,   4.8,   0.0,   0.0,   0.0,   0.425,   1.19,   7.2,   0.0,   0.0,   0.0,   0.0,   0.0,   0.0,   0.0,   0.0,   0.0,   0.407,   1.003,   6.1,  NA,  R2000-NZE-Pilot-Voyer-L3-Left_FinalDesign.h2k,  R2000_NZE_Pilot_Env,  rates2016,  NA,  NA,  NA,  NA,  NA,  NA,  NA,  NA,  NA,  NA,  R2000_test,  NA,  NA,  NA,  NA,  R2000-HotWater-elec,  NA,  R2000-elec-baseboard,  R2000_HRV,  NoPV,  S,  H2KCodeLibFile,  General,  NA,  interlock,  No-Reduction, 
 87, HTAP-work-2, ./gen-choice-files/sim-87.choices,   General,   4500,   22.8 ,   0.0 ,   945.91   ,   0.0    ,   945.91 ,   945.91  ,   0.0  ,   0.0 ,   0.0 ,   0.0 ,   0 ,   23 ,   3.4 ,  6.3 ,  2.1 ,  1.3 ,   1.5 ,   0.3 ,   3.4 ,   14.1 ,   6327.1 ,   0.0  ,   0.0    ,   0.0    ,   0.0    ,   0.0,   945.9 ,   2865.3,   6047.2,   0.0,   107.2 ,   290.4 ,   16.4 ,   22.2 ,   0.0,   1.0,   1.76,   0.0,   0.0,   0.0,   0.425,   1.19,   4.8,   0.0,   0.0,   0.0,   0.425,   1.19,   7.2,   0.0,   0.0,   0.0,   0.0,   0.0,   0.0,   0.0,   0.0,   0.0,   0.407,   1.003,   6.1,  NA,  R2000-NZE-Pilot-Voyer-L3-Left_FinalDesign.h2k,  R2000_NZE_Pilot_Mech,  rates2016,  NA,  NA,  NA,  NA,  NA,  NA,  NA,  NA,  NA,  NA,  R2000_test,  NA,  NA,  NA,  NA,  NA,  NA,  NA,  NA,  NoPV,  S,  H2KCodeLibFile,  General,  NA,  interlock,  No-Reduction, 
 88, HTAP-work-0, ./gen-choice-files/sim-88.choices,   General,   4500,   0.0 ,   0.0 ,   0.0   ,   50.99    ,   -50.99 ,   0.0  ,   0.0  ,   0.0 ,   0.0 ,   0.0 ,   6806 ,   23 ,   3.3 ,  6.1 ,  2.2 ,  1.3 ,   1.5 ,   0.3 ,   3.4 ,   14.1 ,   0.0 ,   0.0  ,   0.0    ,   0.0    ,   0.0    ,   0.0,   -51.0 ,   2865.3,   6047.2,   9.7,   107.2 ,   290.4 ,   15.7 ,   21.9 ,   0.0,   1.0,   1.78,   0.0,   0.0,   0.0,   0.425,   1.19,   4.8,   0.0,   0.0,   0.0,   0.425,   1.19,   7.2,   0.0,   0.0,   0.0,   0.0,   0.0,   0.0,   0.0,   0.0,   0.0,   0.407,   1.003,   6.1,  NA,  R2000-NZE-Pilot-Voyer-L3-Left_FinalDesign.h2k,  as-found,  rates2016,  NA,  NA,  NA,  NA,  NA,  NA,  NA,  NA,  NA,  NA,  NA,  NA,  NA,  NA,  NA,  NA,  NA,  NA,  NA,  NoPV,  S,  H2KCodeLibFile,  General,  NA,  interlock,  No-Reduction, 
 89, HTAP-work-1, ./gen-choice-files/sim-89.choices,   General,   4500,   45.6 ,   0.0 ,   1895.52   ,   0.0    ,   1895.52 ,   1895.52  ,   0.0  ,   0.0 ,   0.0 ,   0.0 ,   0 ,   40 ,   21.9 ,  22.0 ,  0.0 ,  0.0 ,   0.0 ,   0.3 ,   9.4 ,   14.1 ,   12679.0 ,   0.0  ,   0.0    ,   0.0    ,   0.0    ,   0.0,   1895.5 ,   4523.2,   5611.8,   0.0,   107.2 ,   290.4 ,   56.9 ,   81.8 ,   0.0,   1.0,   1.69,   0.0,   0.0,   0.0,   0.0,   0.0,   0.0,   0.0,   0.0,   0.0,   0.272,   0.643,   7.2,   0.0,   0.0,   0.0,   0.272,   0.643,   4.8,   0.0,   0.0,   0.0,   0.273,   0.645,   6.1,  NA,  R2000-NZE-Pilot-Voyer-L3-Right_FinalDesign.h2k,  R2000_NZE_Pilot_Base,  rates2016,  ACH_2_5,  NA,  NBC_Wall_zone6_HRV,  NA,  NBC_Ceiling_zone6,  NBC_FlatCeiling_zone6,  NBC_FlatCeiling_zone6,  NBC_BCIN_zone6_HRV,  NBC_exposed_zone6,  NBC-zone6-window,  R2000_test,  NA,  NBC-zone6-door,  NBC-zone6-window,  NA,  R2000-HotWater-elec,  NA,  R2000-elec-baseboard,  R2000_HRV,  NoPV,  S,  H2KCodeLibFile,  General,  NA,  interlock,  No-Reduction, 
 90, HTAP-work-2, ./gen-choice-files/sim-90.choices,   General,   4500,   33.1 ,   0.0 ,   1375.86   ,   0.0    ,   1375.86 ,   1375.86  ,   0.0  ,   0.0 ,   0.0 ,   0.0 ,   0 ,   28 ,   9.4 ,  9.4 ,  0.0 ,  0.0 ,   0.0 ,   0.3 ,   9.4 ,   14.1 ,   9203.0 ,   0.0  ,   0.0    ,   0.0    ,   0.0    ,   0.0,   1375.9 ,   3105.6,   5515.8,   0.0,   107.2 ,   290.4 ,   24.4 ,   49.4 ,   0.0,   1.0,   1.73,   0.0,   0.0,   0.0,   0.0,   0.0,   0.0,   0.0,   0.0,   0.0,   0.425,   1.19,   7.2,   0.0,   0.0,   0.0,   0.425,   1.19,   4.8,   0.0,   0.0,   0.0,   0.407,   1.003,   6.1,  NA,  R2000-NZE-Pilot-Voyer-L3-Right_FinalDesign.h2k,  R2000_NZE_Pilot_Env,  rates2016,  NA,  NA,  NA,  NA,  NA,  NA,  NA,  NA,  NA,  NA,  R2000_test,  NA,  NA,  NA,  NA,  R2000-HotWater-elec,  NA,  R2000-elec-baseboard,  R2000_HRV,  NoPV,  S,  H2KCodeLibFile,  General,  NA,  interlock,  No-Reduction, 
 91, HTAP-work-0, ./gen-choice-files/sim-91.choices,   General,   4500,   23.4 ,   0.0 ,   971.09   ,   0.0    ,   971.09 ,   971.09  ,   0.0  ,   0.0 ,   0.0 ,   0.0 ,   0 ,   24 ,   4.2 ,  8.2 ,  2.0 ,  1.4 ,   1.3 ,   0.3 ,   3.4 ,   14.1 ,   6495.6 ,   0.0  ,   0.0    ,   0.0    ,   0.0    ,   0.0,   971.1 ,   3024.3,   5515.8,   0.0,   107.2 ,   290.4 ,   21.3 ,   23.8 ,   0.0,   1.0,   1.74,   0.0,   0.0,   0.0,   0.0,   0.0,   0.0,   0.0,   0.0,   0.0,   0.425,   1.19,   7.2,   0.0,   0.0,   0.0,   0.425,   1.19,   4.8,   0.0,   0.0,   0.0,   0.407,   1.003,   6.1,  NA,  R2000-NZE-Pilot-Voyer-L3-Right_FinalDesign.h2k,  R2000_NZE_Pilot_Mech,  rates2016,  NA,  NA,  NA,  NA,  NA,  NA,  NA,  NA,  NA,  NA,  R2000_test,  NA,  NA,  NA,  NA,  NA,  NA,  NA,  NA,  NoPV,  S,  H2KCodeLibFile,  General,  NA,  interlock,  No-Reduction, 
 92, HTAP-work-1, ./gen-choice-files/sim-92.choices,   General,   4500,   0.0 ,   0.0 ,   0.0   ,   49.15    ,   -49.15 ,   0.0  ,   0.0  ,   0.0 ,   0.0 ,   0.0 ,   6962 ,   24 ,   4.1 ,  7.9 ,  2.0 ,  1.4 ,   1.3 ,   0.3 ,   3.4 ,   14.1 ,   0.0 ,   0.0  ,   0.0    ,   0.0    ,   0.0    ,   0.0,   -49.1 ,   3024.3,   5515.8,   9.9,   107.2 ,   290.4 ,   20.5 ,   23.6 ,   0.0,   1.0,   1.72,   0.0,   0.0,   0.0,   0.0,   0.0,   0.0,   0.0,   0.0,   0.0,   0.425,   1.19,   7.2,   0.0,   0.0,   0.0,   0.425,   1.19,   4.8,   0.0,   0.0,   0.0,   0.407,   1.003,   6.1,  NA,  R2000-NZE-Pilot-Voyer-L3-Right_FinalDesign.h2k,  as-found,  rates2016,  NA,  NA,  NA,  NA,  NA,  NA,  NA,  NA,  NA,  NA,  NA,  NA,  NA,  NA,  NA,  NA,  NA,  NA,  NA,  NoPV,  S,  H2KCodeLibFile,  General,  NA,  interlock,  No-Reduction, 
 